component_id,component,component_status,weakness_tag,weakness,attacks,method_id,method,layer,level,standards,access_required,access_ok
C-API,Antarmuka API & validasi masukan,PERHATIAN,pubkey_validation,Kunci publik/titik tidak divalidasi,A-D-04,M-PKV,Validasi kunci publik (positif & negatif),Kesesuaian,Unit,SP-800-56B;SP-800-186;ISO-18033-2,black,True
C-CONF,Kesesuaian implementasi keseluruhan,OK,conformance,Keluaran implementasi tidak sesuai standar,,M-KAT,Known Answer Test (KAT) terhadap vektor resmi,Kesesuaian,Unit,ISO-18367;ISO-24759,black,True
C-EXP-D,Eksponen privat d,OK,private_exponent,Eksponen privat kecil,A-P-04,M-PRIME,"Uji primalitas & validasi pembangkitan kunci (ISO/IEC 18032, FIPS 186-5 App. A/B)",Kesesuaian,Unit,ISO-18032;FIPS-186-5,grey,True
C-EXP-E,Eksponen publik e,OK,small_e,Eksponen publik kecil tanpa padding,A-P-05,M-PRIME,"Uji primalitas & validasi pembangkitan kunci (ISO/IEC 18032, FIPS 186-5 App. A/B)",Kesesuaian,Unit,ISO-18032;FIPS-186-5,grey,True
C-PKV,Validasi kunci publik,OK,pubkey_validation,Kunci publik/titik tidak divalidasi,A-D-04,M-PKV,Validasi kunci publik (positif & negatif),Kesesuaian,Unit,SP-800-56B;SP-800-186;ISO-18033-2,black,True
C-PRIME,"Pembangkitan prima p, q",OK,prime_gen,"Prima lemah (berdekatan, p−1 smooth, faktor bersama)",A-P-03,M-PRIME,"Uji primalitas & validasi pembangkitan kunci (ISO/IEC 18032, FIPS 186-5 App. A/B)",Kesesuaian,Unit,ISO-18032;FIPS-186-5,grey,True
C-SELFTEST,Self-test & error state modul,OK,conformance,Keluaran implementasi tidak sesuai standar,,M-KAT,Known Answer Test (KAT) terhadap vektor resmi,Kesesuaian,Unit,ISO-18367;ISO-24759,black,True
C-EXP-D,Eksponen privat d,OK,private_exponent,Eksponen privat kecil,A-P-04,M-RSAWEAK,"Baterai kunci lemah RSA (Fermat, Pollard p−1, batch-GCD, Wiener)",Kekuatan algoritma,Unit,ISO-18032;FIPS-186-5,black,True
C-PRIME,"Pembangkitan prima p, q",OK,prime_gen,"Prima lemah (berdekatan, p−1 smooth, faktor bersama)",A-P-03,M-RSAWEAK,"Baterai kunci lemah RSA (Fermat, Pollard p−1, batch-GCD, Wiener)",Kekuatan algoritma,Unit,ISO-18032;FIPS-186-5,black,True
C-PRIME,"Pembangkitan prima p, q",OK,rng,RBG lemah / entropi rendah,A-P-03;A-P-11,M-RSAWEAK,"Baterai kunci lemah RSA (Fermat, Pollard p−1, batch-GCD, Wiener)",Kekuatan algoritma,Unit,ISO-18032;FIPS-186-5,black,True
C-RNG,Sumber acak (RBG),OK,rng,RBG lemah / entropi rendah,A-P-03;A-P-11,M-RSAWEAK,"Baterai kunci lemah RSA (Fermat, Pollard p−1, batch-GCD, Wiener)",Kekuatan algoritma,Unit,ISO-18032;FIPS-186-5,black,True
C-HASH,Hash & MGF1,OK,hash_strength,Kekuatan hash di bawah tingkat keamanan skema,,M-KEYSIZE,Evaluasi ukuran kunci & tingkat keamanan (SP 800-57 / 131A),Kekuatan algoritma,Sistem,SP-800-57;SP-800-131A,black,True
C-MOD,Modulus n & ukuran kunci,PERHATIAN,key_size,Ruang kunci / tingkat keamanan tidak memadai,A-P-01;A-P-02,M-FACT,Percobaan faktorisasi modulus (GNFS),Kekuatan algoritma,Sistem,SP-800-57,black,True
C-MOD,Modulus n & ukuran kunci,PERHATIAN,key_size,Ruang kunci / tingkat keamanan tidak memadai,A-P-01;A-P-02,M-KEYSIZE,Evaluasi ukuran kunci & tingkat keamanan (SP 800-57 / 131A),Kekuatan algoritma,Sistem,SP-800-57;SP-800-131A,black,True
C-API,Antarmuka API & validasi masukan,PERHATIAN,memory_safety,Buffer overflow / masukan malformed,A-L-02,M-CODEREVIEW,"Tinjauan kode sumber (constant-time, memory safety, zeroization)",Implementasi & sistem,Unit,ISO-18045;ISO-15408,white,False
C-MEM,Pengelolaan material kunci di memori,PERHATIAN,key_zeroization,Material kunci tidak dihapus dari memori,A-L-03,M-CODEREVIEW,"Tinjauan kode sumber (constant-time, memory safety, zeroization)",Implementasi & sistem,Unit,ISO-18045;ISO-15408,white,False
C-MODEXP,Eksponensiasi modular (RSADP/CRT),PERHATIAN,bigint_timing,Timing/cache pada aritmetika bilangan besar,A-P-08;A-P-09,M-CODEREVIEW,"Tinjauan kode sumber (constant-time, memory safety, zeroization)",Implementasi & sistem,Unit,ISO-18045;ISO-15408,white,False
C-MODEXP,Eksponensiasi modular (RSADP/CRT),PERHATIAN,constant_time,Eksekusi tidak constant-time,A-L-01;A-P-08;A-P-09;A-X-01;A-X-02,M-CODEREVIEW,"Tinjauan kode sumber (constant-time, memory safety, zeroization)",Implementasi & sistem,Unit,ISO-18045;ISO-15408,white,False
C-PLAT,"Platform eksekusi (CPU x86-64 bercache, speculative execution)",PERHATIAN,constant_time,Eksekusi tidak constant-time,A-L-01;A-P-08;A-P-09;A-X-01;A-X-02,M-CODEREVIEW,"Tinjauan kode sumber (constant-time, memory safety, zeroization)",Implementasi & sistem,Unit,ISO-18045;ISO-15408,white,False
C-API,Antarmuka API & validasi masukan,PERHATIAN,memory_safety,Buffer overflow / masukan malformed,A-L-02,M-FUZZ,"Uji negatif & fuzzing API (masukan malformed, panjang ekstrem)",Implementasi & sistem,Integrasi,ISO-29119;ISO-18045,black,True
C-API,Antarmuka API & validasi masukan,PERHATIAN,pubkey_validation,Kunci publik/titik tidak divalidasi,A-D-04,M-FUZZ,"Uji negatif & fuzzing API (masukan malformed, panjang ekstrem)",Implementasi & sistem,Integrasi,ISO-29119;ISO-18045,black,True
C-MODEXP,Eksponensiasi modular (RSADP/CRT),PERHATIAN,constant_time,Eksekusi tidak constant-time,A-L-01;A-P-08;A-P-09;A-X-01;A-X-02,M-ORACLE,Uji oracle galat dekripsi OAEP (Manger) — keseragaman galat & timing,Implementasi & sistem,Integrasi,SP-800-56B;RFC-8017;ISO-17825,grey,True
C-MODEXP,Eksponensiasi modular (RSADP/CRT),PERHATIAN,bigint_timing,Timing/cache pada aritmetika bilangan besar,A-P-08;A-P-09,M-TIMING,"Analisis timing leakage (dudect / Welch t-test, fixed-vs-random)",Implementasi & sistem,Integrasi,ISO-17825;ISO-20085,grey,True
C-MODEXP,Eksponensiasi modular (RSADP/CRT),PERHATIAN,constant_time,Eksekusi tidak constant-time,A-L-01;A-P-08;A-P-09;A-X-01;A-X-02,M-TIMING,"Analisis timing leakage (dudect / Welch t-test, fixed-vs-random)",Implementasi & sistem,Integrasi,ISO-17825;ISO-20085,grey,True
C-OAEP,Encoding/decoding OAEP,OK,oaep_oracle,Oracle galat/timing dekripsi OAEP,A-P-06;A-P-07,M-ORACLE,Uji oracle galat dekripsi OAEP (Manger) — keseragaman galat & timing,Implementasi & sistem,Integrasi,SP-800-56B;RFC-8017;ISO-17825,grey,True
C-PKV,Validasi kunci publik,OK,pubkey_validation,Kunci publik/titik tidak divalidasi,A-D-04,M-FUZZ,"Uji negatif & fuzzing API (masukan malformed, panjang ekstrem)",Implementasi & sistem,Integrasi,ISO-29119;ISO-18045,black,True
C-PLAT,"Platform eksekusi (CPU x86-64 bercache, speculative execution)",PERHATIAN,constant_time,Eksekusi tidak constant-time,A-L-01;A-P-08;A-P-09;A-X-01;A-X-02,M-ORACLE,Uji oracle galat dekripsi OAEP (Manger) — keseragaman galat & timing,Implementasi & sistem,Integrasi,SP-800-56B;RFC-8017;ISO-17825,grey,True
C-PLAT,"Platform eksekusi (CPU x86-64 bercache, speculative execution)",PERHATIAN,constant_time,Eksekusi tidak constant-time,A-L-01;A-P-08;A-P-09;A-X-01;A-X-02,M-TIMING,"Analisis timing leakage (dudect / Welch t-test, fixed-vs-random)",Implementasi & sistem,Integrasi,ISO-17825;ISO-20085,grey,True
C-PRIME,"Pembangkitan prima p, q",OK,rng,RBG lemah / entropi rendah,A-P-03;A-P-11,M-RNG,"Asesmen RBG / sumber entropi (SP 800-90A/B, ISO/IEC 18031)",Implementasi & sistem,Integrasi,SP-800-90A;SP-800-90B;ISO-18031;SP-800-22,grey,True
C-RNG,Sumber acak (RBG),OK,rng,RBG lemah / entropi rendah,A-P-03;A-P-11,M-RNG,"Asesmen RBG / sumber entropi (SP 800-90A/B, ISO/IEC 18031)",Implementasi & sistem,Integrasi,SP-800-90A;SP-800-90B;ISO-18031;SP-800-22,grey,True
C-CONF,Kesesuaian implementasi keseluruhan,OK,conformance,Keluaran implementasi tidak sesuai standar,,M-SELFTEST,Uji self-test & error state modul (ISO/IEC 19790 / 24759),Implementasi & sistem,Sistem,ISO-19790;ISO-24759,black,True
C-MEM,Pengelolaan material kunci di memori,PERHATIAN,key_zeroization,Material kunci tidak dihapus dari memori,A-L-03,M-ZEROIZE,Uji zeroization material kunci (memory dump pasca-operasi),Implementasi & sistem,Sistem,ISO-19790;ISO-24759,grey,True
C-MODEXP,Eksponensiasi modular (RSADP/CRT),PERHATIAN,bigint_timing,Timing/cache pada aritmetika bilangan besar,A-P-08;A-P-09,M-CACHE,Analisis cache side-channel (Flush+Reload / Prime+Probe),Implementasi & sistem,Sistem,ISO-17825,grey,True
C-MODEXP,Eksponensiasi modular (RSADP/CRT),PERHATIAN,fault,Kerentanan injeksi kesalahan,,M-FAULT,"Uji injeksi kesalahan (clock/voltage glitch, laser)",Implementasi & sistem,Sistem,ISO-19790;ISO-24759,white,False
C-PLAT,"Platform eksekusi (CPU x86-64 bercache, speculative execution)",PERHATIAN,speculative,Kebocoran eksekusi spekulatif,A-X-01,M-CACHE,Analisis cache side-channel (Flush+Reload / Prime+Probe),Implementasi & sistem,Sistem,ISO-17825,grey,True
C-SELFTEST,Self-test & error state modul,OK,self_test,Self-test / error state tidak berfungsi,,M-SELFTEST,Uji self-test & error state modul (ISO/IEC 19790 / 24759),Implementasi & sistem,Sistem,ISO-19790;ISO-24759,black,True
C-SELFTEST,Self-test & error state modul,OK,conformance,Keluaran implementasi tidak sesuai standar,,M-SELFTEST,Uji self-test & error state modul (ISO/IEC 19790 / 24759),Implementasi & sistem,Sistem,ISO-19790;ISO-24759,black,True
