requirement_id,requirement,method,scenario,test_case,area,standards,targets
OBJ:ECDSA-P256,Kesesuaian ECDSA-P256 terhadap standar,M-CURVE,SCN-DS-KOM-K,DS-K-01,—,"FIPS-186-5, SP-800-186",ECDSA-P256
OBJ:SHA-256,Kesesuaian SHA-256 terhadap standar,M-KAT,SCN-DS-KOM-K,DS-K-02,—,FIPS-180-4,SHA-256
OBJ:ECDSA-P256,Kesesuaian ECDSA-P256 terhadap standar,M-PKV,SCN-DS-INT-K,DS-K-03,—,"FIPS-186-5, SP-800-186",ECDSA-P256
OBJ:ECDSA-P256,Kesesuaian ECDSA-P256 terhadap standar,M-KAT,SCN-DS-INT-K,DS-K-04,—,"RFC-6979, FIPS-186-5",ECDSA-P256
OBJ:ECDSA-P256,Kesesuaian ECDSA-P256 terhadap standar,M-KAT,SCN-DS-INT-K,DS-K-05,—,"FIPS-186-5, ISO-14888-3",ECDSA-P256
OBJ:ECDSA-P256,Kesesuaian ECDSA-P256 terhadap standar,M-KAT,SCN-DS-SIS-K,DS-K-06,—,ISO-18367,ECDSA-P256
OBJ:ECDSA-P256,Kesesuaian ECDSA-P256 terhadap standar,M-KAT,SCN-DS-SIS-K,DS-K-07,—,ISO-18367,ECDSA-P256
OBJ:SHA-256,Kesesuaian SHA-256 terhadap standar,M-KAT,SCN-HF-KOM-K,HF-K-01,—,"FIPS-202, FIPS-180-4, ISO-10118-3",SHA-256
OBJ:SHA-256,Kesesuaian SHA-256 terhadap standar,M-KAT,SCN-HF-INT-K,HF-K-02,—,"FIPS-202, FIPS-180-4",SHA-256
OBJ:SHA-256,Kesesuaian SHA-256 terhadap standar,M-MCT,SCN-HF-INT-K,HF-K-03,—,ISO-18367,SHA-256
OBJ:SHA-256,Kesesuaian SHA-256 terhadap standar,M-KAT,SCN-HF-SIS-K,HF-K-06,—,ISO-18367,SHA-256
C-STRENGTH,128 bit,M-CURVE,SCN-DS-KOM-S,DS-S-01,—,"SP-800-186, FIPS-186-5",ECDSA-P256
C-EUF,EUF-CMA,M-NONCE,SCN-DS-INT-S,DS-S-02,—,"FIPS-186-5, RFC-6979",ECDSA-P256
C-EUF,EUF-CMA,M-NONCE,SCN-DS-INT-S,DS-S-02,—,"FIPS-186-5, RFC-6979",ECDSA-P256
C-EUF,EUF-CMA,M-NONCE,SCN-DS-INT-S,DS-S-03,—,FIPS-186-5,ECDSA-P256
C-EUF,EUF-CMA,M-NONCE,SCN-DS-INT-S,DS-S-03,—,FIPS-186-5,ECDSA-P256
C-EUF,EUF-CMA,M-PKV,SCN-DS-INT-S,DS-S-04,—,SP-800-186,ECDSA-P256
C-EUF,EUF-CMA,M-RNG,SCN-DS-INT-S,DS-S-05,—,"SP-800-90B, SP-800-22",ECDSA-P256
C-EUF,EUF-CMA,M-SIGMAL,SCN-DS-SIS-S,DS-S-06,—,ISO-14888-3,ECDSA-P256
C-STRENGTH,128 bit,M-KEYSIZE,SCN-DS-SIS-S,DS-S-07,—,"SP-800-57, FIPS-204, SP-800-186",ECDSA-P256
C-EUF,EUF-CMA,M-KEYSIZE,SCN-DS-SIS-S,DS-S-07,—,"SP-800-57, FIPS-204, SP-800-186",ECDSA-P256
C-EUF,EUF-CMA,M-SIGMAL,SCN-DS-INT-S,DS-S-08,—,FIPS-186-5,ECDSA-P256
C-NOEXP,Kunci privat tidak dapat diekspor,M-ZEROIZE,SCN-DS-SIS-S,DS-S-09,—,ISO-19790,ECDSA-P256
OBJ:SHA-256,Kesesuaian SHA-256 terhadap standar,M-AVAL,SCN-HF-INT-S,HF-S-02,—,SP-800-22,SHA-256
C-STRENGTH,128 bit,M-GENERIC,SCN-HF-INT-S,HF-S-03,—,"SP-800-107, FIPS-202",SHA-256
OBJ:SHA-256,Kesesuaian SHA-256 terhadap standar,M-PAD,SCN-HF-INT-S,HF-S-04,—,SP-800-107,SHA-256
C-STRENGTH,128 bit,M-KEYSIZE,SCN-HF-SIS-S,HF-S-06,—,"SP-800-57, SP-800-107",SHA-256
OBJ:ECDSA-P256,Kesesuaian ECDSA-P256 terhadap standar,M-TIMING,SCN-DS-KOM-I,DS-I-01,—,ISO-17825,ECDSA-P256
OBJ:ECDSA-P256,Kesesuaian ECDSA-P256 terhadap standar,M-TVLA,SCN-DS-KOM-I,DS-I-02,—,"ISO-17825, ISO-20085",ECDSA-P256
OBJ:ECDSA-P256,Kesesuaian ECDSA-P256 terhadap standar,M-FAULT,SCN-DS-INT-I,DS-I-03,—,ISO-19790,ECDSA-P256
OBJ:ECDSA-P256,Kesesuaian ECDSA-P256 terhadap standar,M-FUZZ,SCN-DS-INT-I,DS-I-04,—,ISO-29119,ECDSA-P256
C-NOEXP,Kunci privat tidak dapat diekspor,M-ZEROIZE,SCN-DS-SIS-I,DS-I-05,—,ISO-19790,ECDSA-P256
OBJ:ECDSA-P256,Kesesuaian ECDSA-P256 terhadap standar,M-TIMING,SCN-DS-SIS-I,DS-I-06,—,ISO-29119,ECDSA-P256
OBJ:SHA-256,Kesesuaian SHA-256 terhadap standar,M-TIMING,SCN-HF-INT-I,HF-I-02,—,ISO-17825,SHA-256
OBJ:SHA-256,Kesesuaian SHA-256 terhadap standar,M-FUZZ,SCN-HF-INT-I,HF-I-03,—,ISO-29119,SHA-256
OBJ:SHA-256,Kesesuaian SHA-256 terhadap standar,M-KAT,SCN-HF-SIS-I,HF-I-05,—,ISO-29119,SHA-256
OBJ:ECDSA-P256,"Kesesuaian ECDSA-P256, SHA-256, HMAC-DRBG-S128 terhadap standar",M-KAT,SCN-XA-INT-K,XA-K-01,—,ISO-18367,"ECDSA-P256, SHA-256, HMAC-DRBG-S128"
OBJ:ECDSA-P256,"Kesesuaian ECDSA-P256, SHA-256, HMAC-DRBG-S128 terhadap standar",M-RNG,SCN-XA-INT-S,XA-S-01,—,"SP-800-90A, SP-800-90B, SP-800-22","ECDSA-P256, SHA-256, HMAC-DRBG-S128"
C-STRENGTH,128 bit,M-ZEROIZE,SCN-XA-SIS-S,XA-S-02,—,"SP-800-57, ISO-19790","ECDSA-P256, SHA-256, HMAC-DRBG-S128"
OBJ:ECDSA-P256,"Kesesuaian ECDSA-P256, SHA-256, HMAC-DRBG-S128 terhadap standar",M-TIMING,SCN-XA-SIS-S,XA-S-04,—,"ISO-17825, ISO-20085","ECDSA-P256, SHA-256, HMAC-DRBG-S128"
OBJ:ECDSA-P256,"Kesesuaian ECDSA-P256, SHA-256, HMAC-DRBG-S128 terhadap standar",M-SELFTEST,SCN-XA-SIS-I,XA-I-01,—,ISO-19790,"ECDSA-P256, SHA-256, HMAC-DRBG-S128"
