id,type,requirement,object,method_id,method,variant,reference,pass_criteria
K-01,Kebutuhan keamanan,ECDLP tidak terpecahkan (≥ 2^128 operasi),C-CURVE Parameter domain kurva P-256,M-ECDLP,Estimasi & uji Pollard rho ECDLP,tereduksi,"SP 800-186, SP 800-57",√(πn/4) ≥ 2^127
K-02,Kebutuhan keamanan,Tingkat keamanan ≥ 112 bit dan status 'acceptable' menurut SP 800-131A,C-CURVE Parameter domain kurva P-256; C-HASH Fungsi hash pesan,M-KEYSIZE,Evaluasi ukuran kunci & tingkat keamanan (SP 800-57 / 131A),penuh,"SP 800-57, SP 800-131A",security_bits ≥ 112
K-03,Kebutuhan keamanan,Nonce tidak pernah berulang dan tidak bias,C-NONCE Nonce k; C-RNG Sumber acak (RBG),M-NONCE,Uji keunikan & bias nonce (statistik + kelayakan lattice HNP),penuh,"FIPS 186-5, RFC 6979, SP 800-90A, SP 800-38A, RFC 8439","0 duplikasi; χ² MSB p-value ≥ 0,01 (≥ 4096 sampel)"
K-04,Kebutuhan keamanan,RBG yang dipakai disetujui (SP 800-90A) dengan entropi memadai,C-NONCE Nonce k; C-RNG Sumber acak (RBG),M-RNG,"Asesmen RBG / sumber entropi (SP 800-90A/B, ISO/IEC 18031)",penuh,"SP 800-90A, SP 800-90B, ISO 18031, SP 800-22",min-entropy ≥ nilai klaim (SP 800-90B); SP 800-22 lulus
I-01,Kebutuhan implementasi,Parameter domain identik dengan SP 800-186 & lolos uji validitas,C-CURVE Parameter domain kurva P-256,M-CURVE,"Validasi parameter domain kurva (prima, orde, diskriminan, MOV/anomalous)",penuh,"SP 800-186, FIPS 186-5",semua pemeriksaan LULUS
I-02,Kebutuhan implementasi,API menolak masukan tidak valid tanpa crash/kebocoran,C-API Antarmuka API & validasi masukan,M-FUZZ,"Uji negatif & fuzzing API (masukan malformed, panjang ekstrem)",penuh,"ISO 29119, ISO 18045",0 crash; 100% masukan invalid ditolak dengan galat terdefinisi
I-03,Kebutuhan implementasi,Implementasi menghasilkan keluaran identik dengan vektor uji resmi,C-CONF Kesesuaian implementasi keseluruhan; C-SELFTEST Self-test & error state modul,M-KAT,Known Answer Test (KAT) terhadap vektor resmi,penuh,"ISO 18367, ISO 24759",100% vektor cocok
I-04,Kebutuhan implementasi,Produk menolak kunci publik/titik tidak valid,C-API Antarmuka API & validasi masukan,M-PKV,Validasi kunci publik (positif & negatif),penuh,"SP 800-56B, SP 800-186, ISO 18033-2","100% kasus negatif ditolak, 100% kasus positif diterima"
I-05,Kebutuhan implementasi,Power-on self-test (KAT) & conditional test (pairwise) berjalan; error state memblokir layanan,C-CONF Kesesuaian implementasi keseluruhan; C-SELFTEST Self-test & error state modul,M-SELFTEST,Uji self-test & error state modul (ISO/IEC 19790 / 24759),penuh,"ISO 19790, ISO 24759",semua self-test terpicu & error state tervalidasi
I-06,Kebutuhan implementasi,"Verifikasi menolak r,s ∉ [1, n−1]; kebijakan low-S terdokumentasi","C-SIG Encoding & verifikasi (r, s)",M-SIGMAL,"Uji penolakan (r,s) non-kanonik & malleability",penuh,"FIPS 186-5, ISO 14888-3",100% kasus di luar rentang ditolak
I-07,Kebutuhan implementasi,Waktu eksekusi tidak bergantung pada data rahasia,"C-PLAT Platform eksekusi (CPU x86-64 bercache, speculative execution); C-SMUL Perkalian skalar",M-TIMING,"Analisis timing leakage (dudect / Welch t-test, fixed-vs-random)",penuh,"ISO 17825, ISO 20085","|t| < 4,5 pada ≥ 10^6 pengukuran"
I-08,Kebutuhan implementasi,Kunci/CSP dihapus dari memori setelah dipakai,C-MEM Pengelolaan material kunci di memori,M-ZEROIZE,Uji zeroization material kunci (memory dump pasca-operasi),penuh,"ISO 19790, ISO 24759",0 salinan kunci pada dump memori
