component_id,component,component_status,weakness_tag,weakness,attacks,method_id,method,layer,level,standards,access_required,access_ok
C-API,Antarmuka API & validasi masukan,PERHATIAN,pubkey_validation,Kunci publik/titik tidak divalidasi,A-D-04,M-PKV,Validasi kunci publik (positif & negatif),Kesesuaian,Unit,SP-800-56B;SP-800-186;ISO-18033-2,black,True
C-CONF,Kesesuaian implementasi keseluruhan,OK,conformance,Keluaran implementasi tidak sesuai standar,,M-KAT,Known Answer Test (KAT) terhadap vektor resmi,Kesesuaian,Unit,ISO-18367;ISO-24759,black,True
C-CURVE,Parameter domain kurva P-256,OK,curve_params,Parameter domain kurva tidak valid,A-D-01;A-D-04,M-CURVE,"Validasi parameter domain kurva (prima, orde, diskriminan, MOV/anomalous)",Kesesuaian,Unit,SP-800-186;FIPS-186-5,black,True
C-CURVE,Parameter domain kurva P-256,OK,curve_params,Parameter domain kurva tidak valid,A-D-01;A-D-04,M-PKV,Validasi kunci publik (positif & negatif),Kesesuaian,Unit,SP-800-56B;SP-800-186;ISO-18033-2,black,True
C-PKV,Validasi kunci publik Q,OK,pubkey_validation,Kunci publik/titik tidak divalidasi,A-D-04,M-PKV,Validasi kunci publik (positif & negatif),Kesesuaian,Unit,SP-800-56B;SP-800-186;ISO-18033-2,black,True
C-SELFTEST,Self-test & error state modul,OK,conformance,Keluaran implementasi tidak sesuai standar,,M-KAT,Known Answer Test (KAT) terhadap vektor resmi,Kesesuaian,Unit,ISO-18367;ISO-24759,black,True
C-SIG,"Encoding & verifikasi (r, s)",PERHATIAN,sig_malleability,Tanda tangan non-kanonik/malleable diterima,A-D-05,M-SIGMAL,"Uji penolakan (r,s) non-kanonik & malleability",Kesesuaian,Unit,FIPS-186-5;ISO-14888-3,black,True
C-CURVE,Parameter domain kurva P-256,OK,curve_params,Parameter domain kurva tidak valid,A-D-01;A-D-04,M-ECDLP,Estimasi & uji Pollard rho ECDLP,Kekuatan algoritma,Sistem,SP-800-186;SP-800-57,black,True
C-CURVE,Parameter domain kurva P-256,OK,key_size,Ruang kunci / tingkat keamanan tidak memadai,A-P-02;A-D-01,M-ECDLP,Estimasi & uji Pollard rho ECDLP,Kekuatan algoritma,Sistem,SP-800-186;SP-800-57,black,True
C-CURVE,Parameter domain kurva P-256,OK,key_size,Ruang kunci / tingkat keamanan tidak memadai,A-P-02;A-D-01,M-KEYSIZE,Evaluasi ukuran kunci & tingkat keamanan (SP 800-57 / 131A),Kekuatan algoritma,Sistem,SP-800-57;SP-800-131A,black,True
C-HASH,Fungsi hash pesan,OK,hash_strength,Kekuatan hash di bawah tingkat keamanan skema,,M-KEYSIZE,Evaluasi ukuran kunci & tingkat keamanan (SP 800-57 / 131A),Kekuatan algoritma,Sistem,SP-800-57;SP-800-131A,black,True
C-API,Antarmuka API & validasi masukan,PERHATIAN,memory_safety,Buffer overflow / masukan malformed,A-L-02,M-CODEREVIEW,"Tinjauan kode sumber (constant-time, memory safety, zeroization)",Implementasi & sistem,Unit,ISO-18045;ISO-15408,white,False
C-MEM,Pengelolaan material kunci di memori,PERHATIAN,key_zeroization,Material kunci tidak dihapus dari memori,A-L-03,M-CODEREVIEW,"Tinjauan kode sumber (constant-time, memory safety, zeroization)",Implementasi & sistem,Unit,ISO-18045;ISO-15408,white,False
C-PLAT,"Platform eksekusi (CPU x86-64 bercache, speculative execution)",PERHATIAN,constant_time,Eksekusi tidak constant-time,A-L-01;A-D-07;A-X-01;A-X-02,M-CODEREVIEW,"Tinjauan kode sumber (constant-time, memory safety, zeroization)",Implementasi & sistem,Unit,ISO-18045;ISO-15408,white,False
C-SMUL,Perkalian skalar,PERHATIAN,scalar_mult_timing,Timing/cache pada perkalian skalar,A-D-03;A-D-07,M-CODEREVIEW,"Tinjauan kode sumber (constant-time, memory safety, zeroization)",Implementasi & sistem,Unit,ISO-18045;ISO-15408,white,False
C-SMUL,Perkalian skalar,PERHATIAN,constant_time,Eksekusi tidak constant-time,A-L-01;A-D-07;A-X-01;A-X-02,M-CODEREVIEW,"Tinjauan kode sumber (constant-time, memory safety, zeroization)",Implementasi & sistem,Unit,ISO-18045;ISO-15408,white,False
C-API,Antarmuka API & validasi masukan,PERHATIAN,memory_safety,Buffer overflow / masukan malformed,A-L-02,M-FUZZ,"Uji negatif & fuzzing API (masukan malformed, panjang ekstrem)",Implementasi & sistem,Integrasi,ISO-29119;ISO-18045,black,True
C-API,Antarmuka API & validasi masukan,PERHATIAN,pubkey_validation,Kunci publik/titik tidak divalidasi,A-D-04,M-FUZZ,"Uji negatif & fuzzing API (masukan malformed, panjang ekstrem)",Implementasi & sistem,Integrasi,ISO-29119;ISO-18045,black,True
C-NONCE,Nonce k,OK,nonce_bias,Nonce tanda tangan berulang/bias,A-D-02;A-D-03,M-NONCE,Uji keunikan & bias nonce (statistik + kelayakan lattice HNP),Implementasi & sistem,Integrasi,FIPS-186-5;RFC-6979;SP-800-90A;SP-800-38A;RFC-8439,grey,True
C-NONCE,Nonce k,OK,rng,RBG lemah / entropi rendah,A-D-02;A-P-11,M-NONCE,Uji keunikan & bias nonce (statistik + kelayakan lattice HNP),Implementasi & sistem,Integrasi,FIPS-186-5;RFC-6979;SP-800-90A;SP-800-38A;RFC-8439,grey,True
C-NONCE,Nonce k,OK,rng,RBG lemah / entropi rendah,A-D-02;A-P-11,M-RNG,"Asesmen RBG / sumber entropi (SP 800-90A/B, ISO/IEC 18031)",Implementasi & sistem,Integrasi,SP-800-90A;SP-800-90B;ISO-18031;SP-800-22,grey,True
C-PKV,Validasi kunci publik Q,OK,pubkey_validation,Kunci publik/titik tidak divalidasi,A-D-04,M-FUZZ,"Uji negatif & fuzzing API (masukan malformed, panjang ekstrem)",Implementasi & sistem,Integrasi,ISO-29119;ISO-18045,black,True
C-PLAT,"Platform eksekusi (CPU x86-64 bercache, speculative execution)",PERHATIAN,constant_time,Eksekusi tidak constant-time,A-L-01;A-D-07;A-X-01;A-X-02,M-TIMING,"Analisis timing leakage (dudect / Welch t-test, fixed-vs-random)",Implementasi & sistem,Integrasi,ISO-17825;ISO-20085,grey,True
C-RNG,Sumber acak (RBG),OK,rng,RBG lemah / entropi rendah,A-D-02;A-P-11,M-NONCE,Uji keunikan & bias nonce (statistik + kelayakan lattice HNP),Implementasi & sistem,Integrasi,FIPS-186-5;RFC-6979;SP-800-90A;SP-800-38A;RFC-8439,grey,True
C-RNG,Sumber acak (RBG),OK,rng,RBG lemah / entropi rendah,A-D-02;A-P-11,M-RNG,"Asesmen RBG / sumber entropi (SP 800-90A/B, ISO/IEC 18031)",Implementasi & sistem,Integrasi,SP-800-90A;SP-800-90B;ISO-18031;SP-800-22,grey,True
C-SMUL,Perkalian skalar,PERHATIAN,scalar_mult_timing,Timing/cache pada perkalian skalar,A-D-03;A-D-07,M-TIMING,"Analisis timing leakage (dudect / Welch t-test, fixed-vs-random)",Implementasi & sistem,Integrasi,ISO-17825;ISO-20085,grey,True
C-SMUL,Perkalian skalar,PERHATIAN,constant_time,Eksekusi tidak constant-time,A-L-01;A-D-07;A-X-01;A-X-02,M-TIMING,"Analisis timing leakage (dudect / Welch t-test, fixed-vs-random)",Implementasi & sistem,Integrasi,ISO-17825;ISO-20085,grey,True
C-CONF,Kesesuaian implementasi keseluruhan,OK,conformance,Keluaran implementasi tidak sesuai standar,,M-SELFTEST,Uji self-test & error state modul (ISO/IEC 19790 / 24759),Implementasi & sistem,Sistem,ISO-19790;ISO-24759,black,True
C-MEM,Pengelolaan material kunci di memori,PERHATIAN,key_zeroization,Material kunci tidak dihapus dari memori,A-L-03,M-ZEROIZE,Uji zeroization material kunci (memory dump pasca-operasi),Implementasi & sistem,Sistem,ISO-19790;ISO-24759,grey,True
C-PLAT,"Platform eksekusi (CPU x86-64 bercache, speculative execution)",PERHATIAN,speculative,Kebocoran eksekusi spekulatif,A-X-01,M-CACHE,Analisis cache side-channel (Flush+Reload / Prime+Probe),Implementasi & sistem,Sistem,ISO-17825,grey,True
C-SELFTEST,Self-test & error state modul,OK,self_test,Self-test / error state tidak berfungsi,,M-SELFTEST,Uji self-test & error state modul (ISO/IEC 19790 / 24759),Implementasi & sistem,Sistem,ISO-19790;ISO-24759,black,True
C-SELFTEST,Self-test & error state modul,OK,conformance,Keluaran implementasi tidak sesuai standar,,M-SELFTEST,Uji self-test & error state modul (ISO/IEC 19790 / 24759),Implementasi & sistem,Sistem,ISO-19790;ISO-24759,black,True
C-SMUL,Perkalian skalar,PERHATIAN,scalar_mult_timing,Timing/cache pada perkalian skalar,A-D-03;A-D-07,M-CACHE,Analisis cache side-channel (Flush+Reload / Prime+Probe),Implementasi & sistem,Sistem,ISO-17825,grey,True
