requirement_id,requirement,method,scenario,test_case,area,standards,targets
AES-128:I-02,Implementasi menghasilkan keluaran identik dengan vektor uji resmi,M-KAT,SCN-BC-KOM-K,BC-K-01,—,"FIPS-197, ISO-18367","AES-128-CTR, AES-256-GCM, AES-256-KW, XTS-AES-256, CMAC-AES-128"
ChaCha20:I-02,Implementasi menghasilkan keluaran identik dengan vektor uji resmi,M-KAT,SCN-BC-KOM-K,BC-K-01,—,"FIPS-197, ISO-18367","AES-128-CTR, AES-256-GCM, AES-256-KW, XTS-AES-256, CMAC-AES-128"
AES-128:K-09,Komponen nonlinear memenuhi batas acuan NL/DU/derajat,M-SBOX,SCN-BC-KOM-K,BC-K-01,—,"FIPS-197, ISO-18367","AES-128-CTR, AES-256-GCM, AES-256-KW, XTS-AES-256, CMAC-AES-128"
SHA3-256:K-05,Komponen nonlinear memenuhi batas acuan NL/DU/derajat,M-SBOX,SCN-BC-KOM-K,BC-K-01,—,"FIPS-197, ISO-18367","AES-128-CTR, AES-256-GCM, AES-256-KW, XTS-AES-256, CMAC-AES-128"
AES-128:I-02,Implementasi menghasilkan keluaran identik dengan vektor uji resmi,M-KAT,SCN-BC-INT-K,BC-K-02,—,"FIPS-197, SP-800-38A, SP-800-38D, ISO-18367","AES-128-CTR, AES-256-GCM, AES-256-KW, XTS-AES-256, PRESENT-80, TDEA-3KEY"
ChaCha20:I-02,Implementasi menghasilkan keluaran identik dengan vektor uji resmi,M-KAT,SCN-BC-INT-K,BC-K-02,—,"FIPS-197, SP-800-38A, SP-800-38D, ISO-18367","AES-128-CTR, AES-256-GCM, AES-256-KW, XTS-AES-256, PRESENT-80, TDEA-3KEY"
AES-128:I-03,Implementasi konsisten pada iterasi berantai & pesan multi-blok,M-MCT,SCN-BC-INT-K,BC-K-03,—,ISO-18367,"AES-128-CTR, AES-256-GCM, AES-256-KW, XTS-AES-256, PRESENT-80, TDEA-3KEY"
SHA3-256:I-03,Implementasi konsisten pada iterasi berantai & pesan multi-blok,M-MCT,SCN-BC-INT-K,BC-K-03,—,ISO-18367,"AES-128-CTR, AES-256-GCM, AES-256-KW, XTS-AES-256, PRESENT-80, TDEA-3KEY"
AES-128:I-02,Implementasi menghasilkan keluaran identik dengan vektor uji resmi,M-KAT,SCN-BC-INT-K,BC-K-04,—,"SP-800-38A, ISO-29119","AES-128-CTR, AES-256-GCM, AES-256-KW, XTS-AES-256, PRESENT-80, TDEA-3KEY"
ChaCha20:I-02,Implementasi menghasilkan keluaran identik dengan vektor uji resmi,M-KAT,SCN-BC-INT-K,BC-K-04,—,"SP-800-38A, ISO-29119","AES-128-CTR, AES-256-GCM, AES-256-KW, XTS-AES-256, PRESENT-80, TDEA-3KEY"
AES-128:I-01,API menolak masukan tidak valid tanpa crash/kebocoran,M-FUZZ,SCN-BC-INT-K,BC-K-04,—,"SP-800-38A, ISO-29119","AES-128-CTR, AES-256-GCM, AES-256-KW, XTS-AES-256, PRESENT-80, TDEA-3KEY"
ChaCha20:I-01,API menolak masukan tidak valid tanpa crash/kebocoran,M-FUZZ,SCN-BC-INT-K,BC-K-04,—,"SP-800-38A, ISO-29119","AES-128-CTR, AES-256-GCM, AES-256-KW, XTS-AES-256, PRESENT-80, TDEA-3KEY"
AES-128:I-01,API menolak masukan tidak valid tanpa crash/kebocoran,M-FUZZ,SCN-BC-INT-K,BC-K-05,—,"ISO-29119, ISO-19790","AES-128-CTR, AES-256-GCM, AES-256-KW, XTS-AES-256, PRESENT-80, TDEA-3KEY"
ChaCha20:I-01,API menolak masukan tidak valid tanpa crash/kebocoran,M-FUZZ,SCN-BC-INT-K,BC-K-05,—,"ISO-29119, ISO-19790","AES-128-CTR, AES-256-GCM, AES-256-KW, XTS-AES-256, PRESENT-80, TDEA-3KEY"
AES-128:I-02,Implementasi menghasilkan keluaran identik dengan vektor uji resmi,M-KAT,SCN-BC-SIS-K,BC-K-06,—,ISO-18367,"AES-128-CTR, AES-256-GCM, AES-256-KW, XTS-AES-256, PRESENT-80, TDEA-3KEY"
ChaCha20:I-02,Implementasi menghasilkan keluaran identik dengan vektor uji resmi,M-KAT,SCN-BC-SIS-K,BC-K-06,—,ISO-18367,"AES-128-CTR, AES-256-GCM, AES-256-KW, XTS-AES-256, PRESENT-80, TDEA-3KEY"
ECDSA-P256:I-01,Parameter domain identik dengan SP 800-186 & lolos uji validitas,M-CURVE,SCN-DS-KOM-K,DS-K-01,—,"FIPS-186-5, SP-800-186","ECDSA-P256, ECDSA-P384"
AES-128:I-02,Implementasi menghasilkan keluaran identik dengan vektor uji resmi,M-KAT,SCN-DS-KOM-K,DS-K-01,—,"FIPS-186-5, SP-800-186","ECDSA-P256, ECDSA-P384"
ChaCha20:I-02,Implementasi menghasilkan keluaran identik dengan vektor uji resmi,M-KAT,SCN-DS-KOM-K,DS-K-01,—,"FIPS-186-5, SP-800-186","ECDSA-P256, ECDSA-P384"
AES-128:I-02,Implementasi menghasilkan keluaran identik dengan vektor uji resmi,M-KAT,SCN-DS-KOM-K,DS-K-02,—,FIPS-180-4,"SHA-1, SHA-256, SHA-384, SHA-512/256"
ChaCha20:I-02,Implementasi menghasilkan keluaran identik dengan vektor uji resmi,M-KAT,SCN-DS-KOM-K,DS-K-02,—,FIPS-180-4,"SHA-1, SHA-256, SHA-384, SHA-512/256"
RSA-OAEP-2048:I-04,Produk menolak kunci publik/titik tidak valid,M-PKV,SCN-DS-INT-K,DS-K-03,—,"FIPS-186-5, SP-800-186","ECDSA-P256, ECDSA-P384"
ECDSA-P256:I-04,Produk menolak kunci publik/titik tidak valid,M-PKV,SCN-DS-INT-K,DS-K-03,—,"FIPS-186-5, SP-800-186","ECDSA-P256, ECDSA-P384"
AES-128:I-02,Implementasi menghasilkan keluaran identik dengan vektor uji resmi,M-KAT,SCN-DS-INT-K,DS-K-04,—,"RFC-6979, FIPS-186-5","ECDSA-P256, ECDSA-P384"
ChaCha20:I-02,Implementasi menghasilkan keluaran identik dengan vektor uji resmi,M-KAT,SCN-DS-INT-K,DS-K-04,—,"RFC-6979, FIPS-186-5","ECDSA-P256, ECDSA-P384"
AES-128:I-02,Implementasi menghasilkan keluaran identik dengan vektor uji resmi,M-KAT,SCN-DS-INT-K,DS-K-05,—,"FIPS-186-5, ISO-14888-3","ECDSA-P256, ECDSA-P384"
ChaCha20:I-02,Implementasi menghasilkan keluaran identik dengan vektor uji resmi,M-KAT,SCN-DS-INT-K,DS-K-05,—,"FIPS-186-5, ISO-14888-3","ECDSA-P256, ECDSA-P384"
ECDSA-P256:I-06,"Verifikasi menolak r,s ∉ [1, n−1]; kebijakan low-S terdokumentasi",M-SIGMAL,SCN-DS-INT-K,DS-K-05,—,"FIPS-186-5, ISO-14888-3","ECDSA-P256, ECDSA-P384"
AES-128:I-02,Implementasi menghasilkan keluaran identik dengan vektor uji resmi,M-KAT,SCN-DS-SIS-K,DS-K-07,—,ISO-18367,"ECDSA-P256, ECDSA-P384, ED25519, ML-DSA-65, RSA-PSS-3072, SLH-DSA-SHA2-128S"
ChaCha20:I-02,Implementasi menghasilkan keluaran identik dengan vektor uji resmi,M-KAT,SCN-DS-SIS-K,DS-K-07,—,ISO-18367,"ECDSA-P256, ECDSA-P384, ED25519, ML-DSA-65, RSA-PSS-3072, SLH-DSA-SHA2-128S"
AES-128:I-02,Implementasi menghasilkan keluaran identik dengan vektor uji resmi,M-KAT,SCN-DS-INT-K,DS-K-08,—,"FIPS-186-5, FIPS-204, FIPS-205","ED25519, ML-DSA-65, RSA-PSS-3072, SLH-DSA-SHA2-128S"
ChaCha20:I-02,Implementasi menghasilkan keluaran identik dengan vektor uji resmi,M-KAT,SCN-DS-INT-K,DS-K-08,—,"FIPS-186-5, FIPS-204, FIPS-205","ED25519, ML-DSA-65, RSA-PSS-3072, SLH-DSA-SHA2-128S"
AES-128:I-02,Implementasi menghasilkan keluaran identik dengan vektor uji resmi,M-KAT,SCN-HF-KOM-K,HF-K-01,—,"FIPS-202, FIPS-180-4, ISO-10118-3","BLAKE2B-512, SHA-1, SHA-256, SHA-384, SHA-512/256, SHA3-256"
ChaCha20:I-02,Implementasi menghasilkan keluaran identik dengan vektor uji resmi,M-KAT,SCN-HF-KOM-K,HF-K-01,—,"FIPS-202, FIPS-180-4, ISO-10118-3","BLAKE2B-512, SHA-1, SHA-256, SHA-384, SHA-512/256, SHA3-256"
SHA3-256:I-04,"Padding benar untuk panjang r−2, r−1, r, r+1 byte",M-PAD,SCN-HF-KOM-K,HF-K-01,—,"FIPS-202, FIPS-180-4, ISO-10118-3","BLAKE2B-512, SHA-1, SHA-256, SHA-384, SHA-512/256, SHA3-256"
AES-128:I-02,Implementasi menghasilkan keluaran identik dengan vektor uji resmi,M-KAT,SCN-HF-INT-K,HF-K-02,—,"FIPS-202, FIPS-180-4","BLAKE2B-512, SHA-1, SHA-256, SHA-384, SHA-512/256, SHA3-256"
ChaCha20:I-02,Implementasi menghasilkan keluaran identik dengan vektor uji resmi,M-KAT,SCN-HF-INT-K,HF-K-02,—,"FIPS-202, FIPS-180-4","BLAKE2B-512, SHA-1, SHA-256, SHA-384, SHA-512/256, SHA3-256"
SHA3-256:I-04,"Padding benar untuk panjang r−2, r−1, r, r+1 byte",M-PAD,SCN-HF-INT-K,HF-K-02,—,"FIPS-202, FIPS-180-4","BLAKE2B-512, SHA-1, SHA-256, SHA-384, SHA-512/256, SHA3-256"
AES-128:I-03,Implementasi konsisten pada iterasi berantai & pesan multi-blok,M-MCT,SCN-HF-INT-K,HF-K-03,—,ISO-18367,"BLAKE2B-512, SHA-1, SHA-256, SHA-384, SHA-512/256, SHA3-256"
SHA3-256:I-03,Implementasi konsisten pada iterasi berantai & pesan multi-blok,M-MCT,SCN-HF-INT-K,HF-K-03,—,ISO-18367,"BLAKE2B-512, SHA-1, SHA-256, SHA-384, SHA-512/256, SHA3-256"
AES-128:I-02,Implementasi menghasilkan keluaran identik dengan vektor uji resmi,M-KAT,SCN-HF-INT-K,HF-K-04,—,FIPS-202,"BLAKE2B-512, SHA-1, SHA-256, SHA-384, SHA-512/256, SHA3-256"
ChaCha20:I-02,Implementasi menghasilkan keluaran identik dengan vektor uji resmi,M-KAT,SCN-HF-INT-K,HF-K-04,—,FIPS-202,"BLAKE2B-512, SHA-1, SHA-256, SHA-384, SHA-512/256, SHA3-256"
AES-128:I-02,Implementasi menghasilkan keluaran identik dengan vektor uji resmi,M-KAT,SCN-HF-INT-K,HF-K-05,—,"SP-800-107, FIPS-202","HMAC-SHA-256-K128, HMAC-SHA-256-K256"
ChaCha20:I-02,Implementasi menghasilkan keluaran identik dengan vektor uji resmi,M-KAT,SCN-HF-INT-K,HF-K-05,—,"SP-800-107, FIPS-202","HMAC-SHA-256-K128, HMAC-SHA-256-K256"
AES-128:I-02,Implementasi menghasilkan keluaran identik dengan vektor uji resmi,M-KAT,SCN-HF-SIS-K,HF-K-06,—,ISO-18367,"BLAKE2B-512, SHA-1, SHA-256, SHA-384, SHA-512/256, SHA3-256"
ChaCha20:I-02,Implementasi menghasilkan keluaran identik dengan vektor uji resmi,M-KAT,SCN-HF-SIS-K,HF-K-06,—,ISO-18367,"BLAKE2B-512, SHA-1, SHA-256, SHA-384, SHA-512/256, SHA3-256"
RSA-OAEP-2048:K-03,"p, q prima kuat; |p−q| > 2^(nlen/2−100); d > 2^(nlen/2); e ∈ (2^16, 2^256)",M-PRIME,SCN-PK-KOM-K,PK-K-01,—,"ISO-18032, FIPS-186-5","ECDH-P384, FFDHE3072, ML-KEM-768, RSA-OAEP-2048, RSA-OAEP-3072, RSAES-PKCS1-V1_5-1024"
ECDSA-P256:I-01,Parameter domain identik dengan SP 800-186 & lolos uji validitas,M-CURVE,SCN-PK-KOM-K,PK-K-01,—,"ISO-18032, FIPS-186-5","ECDH-P384, FFDHE3072, ML-KEM-768, RSA-OAEP-2048, RSA-OAEP-3072, RSAES-PKCS1-V1_5-1024"
AES-128:I-02,Implementasi menghasilkan keluaran identik dengan vektor uji resmi,M-KAT,SCN-PK-KOM-K,PK-K-01,—,"ISO-18032, FIPS-186-5","ECDH-P384, FFDHE3072, ML-KEM-768, RSA-OAEP-2048, RSA-OAEP-3072, RSAES-PKCS1-V1_5-1024"
ChaCha20:I-02,Implementasi menghasilkan keluaran identik dengan vektor uji resmi,M-KAT,SCN-PK-KOM-K,PK-K-01,—,"ISO-18032, FIPS-186-5","ECDH-P384, FFDHE3072, ML-KEM-768, RSA-OAEP-2048, RSA-OAEP-3072, RSAES-PKCS1-V1_5-1024"
AES-128:I-02,Implementasi menghasilkan keluaran identik dengan vektor uji resmi,M-KAT,SCN-PK-INT-K,PK-K-02,—,"RFC-8017, ISO-18033-2, SP-800-56B","ECDH-P384, FFDHE3072, ML-KEM-768, RSA-OAEP-2048, RSA-OAEP-3072, RSAES-PKCS1-V1_5-1024"
ChaCha20:I-02,Implementasi menghasilkan keluaran identik dengan vektor uji resmi,M-KAT,SCN-PK-INT-K,PK-K-02,—,"RFC-8017, ISO-18033-2, SP-800-56B","ECDH-P384, FFDHE3072, ML-KEM-768, RSA-OAEP-2048, RSA-OAEP-3072, RSAES-PKCS1-V1_5-1024"
AES-128:I-02,Implementasi menghasilkan keluaran identik dengan vektor uji resmi,M-KAT,SCN-PK-INT-K,PK-K-03,—,RFC-8017,"RSA-OAEP-2048, RSA-OAEP-3072, RSAES-PKCS1-V1_5-1024"
ChaCha20:I-02,Implementasi menghasilkan keluaran identik dengan vektor uji resmi,M-KAT,SCN-PK-INT-K,PK-K-03,—,RFC-8017,"RSA-OAEP-2048, RSA-OAEP-3072, RSAES-PKCS1-V1_5-1024"
RSA-OAEP-2048:K-03,"p, q prima kuat; |p−q| > 2^(nlen/2−100); d > 2^(nlen/2); e ∈ (2^16, 2^256)",M-PRIME,SCN-PK-INT-K,PK-K-04,—,FIPS-186-5,"ECDH-P384, FFDHE3072, ML-KEM-768, RSA-OAEP-2048, RSA-OAEP-3072, RSAES-PKCS1-V1_5-1024"
RSA-OAEP-2048:I-04,Produk menolak kunci publik/titik tidak valid,M-PKV,SCN-PK-INT-K,PK-K-05,—,"SP-800-56B, SP-800-131A","ECDH-P384, FFDHE3072, ML-KEM-768, RSA-OAEP-2048, RSA-OAEP-3072, RSAES-PKCS1-V1_5-1024"
ECDSA-P256:I-04,Produk menolak kunci publik/titik tidak valid,M-PKV,SCN-PK-INT-K,PK-K-05,—,"SP-800-56B, SP-800-131A","ECDH-P384, FFDHE3072, ML-KEM-768, RSA-OAEP-2048, RSA-OAEP-3072, RSAES-PKCS1-V1_5-1024"
AES-128:I-02,Implementasi menghasilkan keluaran identik dengan vektor uji resmi,M-KAT,SCN-PK-SIS-K,PK-K-06,—,ISO-18367,"ECDH-P384, FFDHE3072, ML-KEM-768, RSA-OAEP-2048, RSA-OAEP-3072, RSAES-PKCS1-V1_5-1024"
ChaCha20:I-02,Implementasi menghasilkan keluaran identik dengan vektor uji resmi,M-KAT,SCN-PK-SIS-K,PK-K-06,—,ISO-18367,"ECDH-P384, FFDHE3072, ML-KEM-768, RSA-OAEP-2048, RSA-OAEP-3072, RSAES-PKCS1-V1_5-1024"
AES-128:I-02,Implementasi menghasilkan keluaran identik dengan vektor uji resmi,M-KAT,SCN-SC-KOM-K,SC-K-01,—,"RFC-8439, ISO-18367","CHACHA20-256, CHACHA20-POLY1305"
ChaCha20:I-02,Implementasi menghasilkan keluaran identik dengan vektor uji resmi,M-KAT,SCN-SC-KOM-K,SC-K-01,—,"RFC-8439, ISO-18367","CHACHA20-256, CHACHA20-POLY1305"
AES-128:I-02,Implementasi menghasilkan keluaran identik dengan vektor uji resmi,M-KAT,SCN-SC-INT-K,SC-K-02,—,"RFC-8439, ISO-18367","CHACHA20-256, CHACHA20-POLY1305"
ChaCha20:I-02,Implementasi menghasilkan keluaran identik dengan vektor uji resmi,M-KAT,SCN-SC-INT-K,SC-K-02,—,"RFC-8439, ISO-18367","CHACHA20-256, CHACHA20-POLY1305"
AES-128:I-02,Implementasi menghasilkan keluaran identik dengan vektor uji resmi,M-KAT,SCN-SC-INT-K,SC-K-03,—,RFC-8439,"CHACHA20-256, CHACHA20-POLY1305"
ChaCha20:I-02,Implementasi menghasilkan keluaran identik dengan vektor uji resmi,M-KAT,SCN-SC-INT-K,SC-K-03,—,RFC-8439,"CHACHA20-256, CHACHA20-POLY1305"
AES-128:I-01,API menolak masukan tidak valid tanpa crash/kebocoran,M-FUZZ,SCN-SC-INT-K,SC-K-04,—,ISO-29119,"CHACHA20-256, CHACHA20-POLY1305"
ChaCha20:I-01,API menolak masukan tidak valid tanpa crash/kebocoran,M-FUZZ,SCN-SC-INT-K,SC-K-04,—,ISO-29119,"CHACHA20-256, CHACHA20-POLY1305"
AES-128:I-02,Implementasi menghasilkan keluaran identik dengan vektor uji resmi,M-KAT,SCN-SC-INT-K,SC-K-05,—,RFC-8439,CHACHA20-POLY1305
ChaCha20:I-02,Implementasi menghasilkan keluaran identik dengan vektor uji resmi,M-KAT,SCN-SC-INT-K,SC-K-05,—,RFC-8439,CHACHA20-POLY1305
C-AEAD,"AEAD (AES-GCM, ChaCha20-Poly1305): kerahasiaan IND-CPA + integritas INT-CTXT bila nonce unik",M-KAT,SCN-SC-INT-K,SC-K-05,—,RFC-8439,CHACHA20-POLY1305
AES-128:I-02,Implementasi menghasilkan keluaran identik dengan vektor uji resmi,M-KAT,SCN-SC-SIS-K,SC-K-06,—,ISO-18367,"CHACHA20-256, CHACHA20-POLY1305"
ChaCha20:I-02,Implementasi menghasilkan keluaran identik dengan vektor uji resmi,M-KAT,SCN-SC-SIS-K,SC-K-06,—,ISO-18367,"CHACHA20-256, CHACHA20-POLY1305"
AES-128:K-09,Komponen nonlinear memenuhi batas acuan NL/DU/derajat,M-SBOX,SCN-BC-KOM-S,BC-S-01,—,"FIPS-197, ISO-18033-3","AES-128-CTR, AES-256-GCM, AES-256-KW, XTS-AES-256, CMAC-AES-128"
SHA3-256:K-05,Komponen nonlinear memenuhi batas acuan NL/DU/derajat,M-SBOX,SCN-BC-KOM-S,BC-S-01,—,"FIPS-197, ISO-18033-3","AES-128-CTR, AES-256-GCM, AES-256-KW, XTS-AES-256, CMAC-AES-128"
C-STRENGTH,Tingkat keamanan ≥ 112 bit untuk seluruh algoritma approved (SP 800-57),M-SBOX,SCN-BC-KOM-S,BC-S-01,—,"FIPS-197, ISO-18033-3","AES-128-CTR, AES-256-GCM, AES-256-KW, XTS-AES-256, CMAC-AES-128"
AES-128:K-01,Perubahan 1 bit masukan/kunci mengubah ≈ 50% bit keluaran,M-AVAL,SCN-BC-INT-S,BC-S-02,—,SP-800-22,"AES-128-CTR, AES-256-GCM, AES-256-KW, XTS-AES-256, PRESENT-80, TDEA-3KEY"
ChaCha20:K-01,Perubahan 1 bit masukan/kunci mengubah ≈ 50% bit keluaran,M-AVAL,SCN-BC-INT-S,BC-S-02,—,SP-800-22,"AES-128-CTR, AES-256-GCM, AES-256-KW, XTS-AES-256, PRESENT-80, TDEA-3KEY"
AES-128:K-10,Keluaran (keystream/CTR/digest berantai) tak terbedakan dari acak,M-SP80022,SCN-BC-INT-S,BC-S-02,—,SP-800-22,"AES-128-CTR, AES-256-GCM, AES-256-KW, XTS-AES-256, PRESENT-80, TDEA-3KEY"
ChaCha20:K-08,Keluaran (keystream/CTR/digest berantai) tak terbedakan dari acak,M-SP80022,SCN-BC-INT-S,BC-S-02,—,SP-800-22,"AES-128-CTR, AES-256-GCM, AES-256-KW, XTS-AES-256, PRESENT-80, TDEA-3KEY"
AES-128:K-07,Nonce tidak pernah berulang dan tidak bias,M-NONCE,SCN-BC-INT-S,BC-S-03,—,"SP-800-38A, SP-800-38D","AES-128-CTR, AES-256-GCM"
ChaCha20:K-06,Nonce tidak pernah berulang dan tidak bias,M-NONCE,SCN-BC-INT-S,BC-S-03,—,"SP-800-38A, SP-800-38D","AES-128-CTR, AES-256-GCM"
C-AEAD,"AEAD (AES-GCM, ChaCha20-Poly1305): kerahasiaan IND-CPA + integritas INT-CTXT bila nonce unik",M-NONCE,SCN-BC-INT-S,BC-S-03,—,"SP-800-38A, SP-800-38D","AES-128-CTR, AES-256-GCM"
C-AEAD,"AEAD (AES-GCM, ChaCha20-Poly1305): kerahasiaan IND-CPA + integritas INT-CTXT bila nonce unik",M-NONCE,SCN-BC-INT-S,BC-S-03,—,"SP-800-38A, SP-800-38D","AES-128-CTR, AES-256-GCM"
AES-128:K-02,Tidak ada karakteristik diferensial ronde penuh dengan probabilitas > 2^-k,M-DIFF,SCN-BC-INT-S,BC-S-04,—,ISO-15408,"AES-128-CTR, AES-256-GCM, AES-256-KW, XTS-AES-256, CMAC-AES-128"
SHA3-256:K-02,Tidak ada karakteristik diferensial ronde penuh dengan probabilitas > 2^-k,M-DIFF,SCN-BC-INT-S,BC-S-04,—,ISO-15408,"AES-128-CTR, AES-256-GCM, AES-256-KW, XTS-AES-256, CMAC-AES-128"
AES-128:K-06,Tidak ada aproksimasi linear ronde penuh dengan korelasi > 2^-64,M-LIN,SCN-BC-INT-S,BC-S-04,—,ISO-15408,"AES-128-CTR, AES-256-GCM, AES-256-KW, XTS-AES-256, CMAC-AES-128"
AES-128:K-04,Margin keamanan ronde memadai terhadap serangan struktural,M-INT,SCN-BC-INT-S,BC-S-04,—,ISO-15408,"AES-128-CTR, AES-256-GCM, AES-256-KW, XTS-AES-256, CMAC-AES-128"
C-STRENGTH,Tingkat keamanan ≥ 112 bit untuk seluruh algoritma approved (SP 800-57),M-DIFF,SCN-BC-INT-S,BC-S-04,—,ISO-15408,"AES-128-CTR, AES-256-GCM, AES-256-KW, XTS-AES-256, CMAC-AES-128"
AES-128:K-05,Tingkat keamanan ≥ 112 bit dan status 'acceptable' menurut SP 800-131A,M-KEYSIZE,SCN-BC-SIS-S,BC-S-05,—,"SP-800-38D, SP-800-57","AES-128-CTR, AES-256-GCM, AES-256-KW, XTS-AES-256, PRESENT-80, TDEA-3KEY"
ChaCha20:K-04,Tingkat keamanan ≥ 112 bit dan status 'acceptable' menurut SP 800-131A,M-KEYSIZE,SCN-BC-SIS-S,BC-S-05,—,"SP-800-38D, SP-800-57","AES-128-CTR, AES-256-GCM, AES-256-KW, XTS-AES-256, PRESENT-80, TDEA-3KEY"
C-STRENGTH,Tingkat keamanan ≥ 112 bit untuk seluruh algoritma approved (SP 800-57),M-KEYSIZE,SCN-BC-SIS-S,BC-S-05,—,"SP-800-38D, SP-800-57","AES-128-CTR, AES-256-GCM, AES-256-KW, XTS-AES-256, PRESENT-80, TDEA-3KEY"
AES-128:K-05,Tingkat keamanan ≥ 112 bit dan status 'acceptable' menurut SP 800-131A,M-KEYSIZE,SCN-BC-SIS-S,BC-S-06,—,"SP-800-57, SP-800-131A","AES-128-CTR, AES-256-GCM, AES-256-KW, XTS-AES-256, PRESENT-80, TDEA-3KEY"
ChaCha20:K-04,Tingkat keamanan ≥ 112 bit dan status 'acceptable' menurut SP 800-131A,M-KEYSIZE,SCN-BC-SIS-S,BC-S-06,—,"SP-800-57, SP-800-131A","AES-128-CTR, AES-256-GCM, AES-256-KW, XTS-AES-256, PRESENT-80, TDEA-3KEY"
C-STRENGTH,Tingkat keamanan ≥ 112 bit untuk seluruh algoritma approved (SP 800-57),M-KEYSIZE,SCN-BC-SIS-S,BC-S-06,—,"SP-800-57, SP-800-131A","AES-128-CTR, AES-256-GCM, AES-256-KW, XTS-AES-256, PRESENT-80, TDEA-3KEY"
ECDSA-P256:I-01,Parameter domain identik dengan SP 800-186 & lolos uji validitas,M-CURVE,SCN-DS-KOM-S,DS-S-01,—,"SP-800-186, FIPS-186-5","ECDSA-P256, ECDSA-P384"
C-STRENGTH,Tingkat keamanan ≥ 112 bit untuk seluruh algoritma approved (SP 800-57),M-CURVE,SCN-DS-KOM-S,DS-S-01,—,"SP-800-186, FIPS-186-5","ECDSA-P256, ECDSA-P384"
AES-128:K-07,Nonce tidak pernah berulang dan tidak bias,M-NONCE,SCN-DS-INT-S,DS-S-02,—,"FIPS-186-5, RFC-6979","ECDSA-P256, ECDSA-P384"
ChaCha20:K-06,Nonce tidak pernah berulang dan tidak bias,M-NONCE,SCN-DS-INT-S,DS-S-02,—,"FIPS-186-5, RFC-6979","ECDSA-P256, ECDSA-P384"
C-SIG,ECDSA/EdDSA/ML-DSA: EUF-CMA; nonce tidak berulang/bias,M-NONCE,SCN-DS-INT-S,DS-S-02,—,"FIPS-186-5, RFC-6979","ECDSA-P256, ECDSA-P384"
C-SIG,ECDSA/EdDSA/ML-DSA: EUF-CMA; nonce tidak berulang/bias,M-NONCE,SCN-DS-INT-S,DS-S-02,—,"FIPS-186-5, RFC-6979","ECDSA-P256, ECDSA-P384"
AES-128:K-07,Nonce tidak pernah berulang dan tidak bias,M-NONCE,SCN-DS-INT-S,DS-S-03,—,FIPS-186-5,"ECDSA-P256, ECDSA-P384"
ChaCha20:K-06,Nonce tidak pernah berulang dan tidak bias,M-NONCE,SCN-DS-INT-S,DS-S-03,—,FIPS-186-5,"ECDSA-P256, ECDSA-P384"
C-SIG,ECDSA/EdDSA/ML-DSA: EUF-CMA; nonce tidak berulang/bias,M-NONCE,SCN-DS-INT-S,DS-S-03,—,FIPS-186-5,"ECDSA-P256, ECDSA-P384"
C-SIG,ECDSA/EdDSA/ML-DSA: EUF-CMA; nonce tidak berulang/bias,M-NONCE,SCN-DS-INT-S,DS-S-03,—,FIPS-186-5,"ECDSA-P256, ECDSA-P384"
RSA-OAEP-2048:I-04,Produk menolak kunci publik/titik tidak valid,M-PKV,SCN-DS-INT-S,DS-S-04,—,SP-800-186,"ECDSA-P256, ECDSA-P384"
ECDSA-P256:I-04,Produk menolak kunci publik/titik tidak valid,M-PKV,SCN-DS-INT-S,DS-S-04,—,SP-800-186,"ECDSA-P256, ECDSA-P384"
C-SIG,ECDSA/EdDSA/ML-DSA: EUF-CMA; nonce tidak berulang/bias,M-PKV,SCN-DS-INT-S,DS-S-04,—,SP-800-186,"ECDSA-P256, ECDSA-P384"
AES-128:K-08,RBG yang dipakai disetujui (SP 800-90A) dengan entropi memadai,M-RNG,SCN-DS-INT-S,DS-S-05,—,"SP-800-90B, SP-800-22","ECDSA-P256, ECDSA-P384, ED25519, ML-DSA-65, RSA-PSS-3072, SLH-DSA-SHA2-128S"
ChaCha20:K-07,RBG yang dipakai disetujui (SP 800-90A) dengan entropi memadai,M-RNG,SCN-DS-INT-S,DS-S-05,—,"SP-800-90B, SP-800-22","ECDSA-P256, ECDSA-P384, ED25519, ML-DSA-65, RSA-PSS-3072, SLH-DSA-SHA2-128S"
C-RNG,Kunci & nonce dari HMAC_DRBG/CTR_DRBG (SP 800-90A) dengan entropi memadai,M-RNG,SCN-DS-INT-S,DS-S-05,—,"SP-800-90B, SP-800-22","ECDSA-P256, ECDSA-P384, ED25519, ML-DSA-65, RSA-PSS-3072, SLH-DSA-SHA2-128S"
C-SIG,ECDSA/EdDSA/ML-DSA: EUF-CMA; nonce tidak berulang/bias,M-RNG,SCN-DS-INT-S,DS-S-05,—,"SP-800-90B, SP-800-22","ECDSA-P256, ECDSA-P384, ED25519, ML-DSA-65, RSA-PSS-3072, SLH-DSA-SHA2-128S"
AES-128:K-05,Tingkat keamanan ≥ 112 bit dan status 'acceptable' menurut SP 800-131A,M-KEYSIZE,SCN-DS-SIS-S,DS-S-07,—,"SP-800-57, FIPS-204, SP-800-186","ECDSA-P256, ECDSA-P384, ED25519, ML-DSA-65, RSA-PSS-3072, SLH-DSA-SHA2-128S"
ChaCha20:K-04,Tingkat keamanan ≥ 112 bit dan status 'acceptable' menurut SP 800-131A,M-KEYSIZE,SCN-DS-SIS-S,DS-S-07,—,"SP-800-57, FIPS-204, SP-800-186","ECDSA-P256, ECDSA-P384, ED25519, ML-DSA-65, RSA-PSS-3072, SLH-DSA-SHA2-128S"
ECDSA-P256:K-01,ECDLP tidak terpecahkan (≥ 2^128 operasi),M-ECDLP,SCN-DS-SIS-S,DS-S-07,—,"SP-800-57, FIPS-204, SP-800-186","ECDSA-P256, ECDSA-P384, ED25519, ML-DSA-65, RSA-PSS-3072, SLH-DSA-SHA2-128S"
C-STRENGTH,Tingkat keamanan ≥ 112 bit untuk seluruh algoritma approved (SP 800-57),M-KEYSIZE,SCN-DS-SIS-S,DS-S-07,—,"SP-800-57, FIPS-204, SP-800-186","ECDSA-P256, ECDSA-P384, ED25519, ML-DSA-65, RSA-PSS-3072, SLH-DSA-SHA2-128S"
C-SIG,ECDSA/EdDSA/ML-DSA: EUF-CMA; nonce tidak berulang/bias,M-KEYSIZE,SCN-DS-SIS-S,DS-S-07,—,"SP-800-57, FIPS-204, SP-800-186","ECDSA-P256, ECDSA-P384, ED25519, ML-DSA-65, RSA-PSS-3072, SLH-DSA-SHA2-128S"
ECDSA-P256:I-06,"Verifikasi menolak r,s ∉ [1, n−1]; kebijakan low-S terdokumentasi",M-SIGMAL,SCN-DS-INT-S,DS-S-08,—,FIPS-186-5,"ECDSA-P256, ECDSA-P384"
C-SIG,ECDSA/EdDSA/ML-DSA: EUF-CMA; nonce tidak berulang/bias,M-SIGMAL,SCN-DS-INT-S,DS-S-08,—,FIPS-186-5,"ECDSA-P256, ECDSA-P384"
AES-128:K-09,Komponen nonlinear memenuhi batas acuan NL/DU/derajat,M-SBOX,SCN-HF-KOM-S,HF-S-01,—,FIPS-202,"SHA3-256, SHAKE256"
SHA3-256:K-05,Komponen nonlinear memenuhi batas acuan NL/DU/derajat,M-SBOX,SCN-HF-KOM-S,HF-S-01,—,FIPS-202,"SHA3-256, SHAKE256"
AES-128:K-03,Lapisan difusi mencapai difusi penuh dengan margin ronde memadai,M-DIFFUSION,SCN-HF-KOM-S,HF-S-01,—,FIPS-202,"SHA3-256, SHAKE256"
ChaCha20:K-03,Lapisan difusi mencapai difusi penuh dengan margin ronde memadai,M-DIFFUSION,SCN-HF-KOM-S,HF-S-01,—,FIPS-202,"SHA3-256, SHAKE256"
AES-128:K-01,Perubahan 1 bit masukan/kunci mengubah ≈ 50% bit keluaran,M-AVAL,SCN-HF-INT-S,HF-S-02,—,SP-800-22,"BLAKE2B-512, SHA-1, SHA-256, SHA-384, SHA-512/256, SHA3-256"
ChaCha20:K-01,Perubahan 1 bit masukan/kunci mengubah ≈ 50% bit keluaran,M-AVAL,SCN-HF-INT-S,HF-S-02,—,SP-800-22,"BLAKE2B-512, SHA-1, SHA-256, SHA-384, SHA-512/256, SHA3-256"
AES-128:K-10,Keluaran (keystream/CTR/digest berantai) tak terbedakan dari acak,M-SP80022,SCN-HF-INT-S,HF-S-02,—,SP-800-22,"BLAKE2B-512, SHA-1, SHA-256, SHA-384, SHA-512/256, SHA3-256"
ChaCha20:K-08,Keluaran (keystream/CTR/digest berantai) tak terbedakan dari acak,M-SP80022,SCN-HF-INT-S,HF-S-02,—,SP-800-22,"BLAKE2B-512, SHA-1, SHA-256, SHA-384, SHA-512/256, SHA3-256"
AES-128:K-05,Tingkat keamanan ≥ 112 bit dan status 'acceptable' menurut SP 800-131A,M-KEYSIZE,SCN-HF-INT-S,HF-S-03,—,"SP-800-107, FIPS-202","BLAKE2B-512, SHA-1, SHA-256, SHA-384, SHA-512/256, SHA3-256"
ChaCha20:K-04,Tingkat keamanan ≥ 112 bit dan status 'acceptable' menurut SP 800-131A,M-KEYSIZE,SCN-HF-INT-S,HF-S-03,—,"SP-800-107, FIPS-202","BLAKE2B-512, SHA-1, SHA-256, SHA-384, SHA-512/256, SHA3-256"
C-HASH,"SHA3-256/SHA-2: collision 2^(n/2), preimage 2^n",M-GENERIC,SCN-HF-INT-S,HF-S-03,—,"SP-800-107, FIPS-202","BLAKE2B-512, SHA-1, SHA-256, SHA-384, SHA-512/256, SHA3-256"
C-HASH,"SHA3-256/SHA-2: collision 2^(n/2), preimage 2^n",M-GENERIC,SCN-HF-INT-S,HF-S-03,—,"SP-800-107, FIPS-202","BLAKE2B-512, SHA-1, SHA-256, SHA-384, SHA-512/256, SHA3-256"
C-STRENGTH,Tingkat keamanan ≥ 112 bit untuk seluruh algoritma approved (SP 800-57),M-GENERIC,SCN-HF-INT-S,HF-S-03,—,"SP-800-107, FIPS-202","BLAKE2B-512, SHA-1, SHA-256, SHA-384, SHA-512/256, SHA3-256"
SHA3-256:I-04,"Padding benar untuk panjang r−2, r−1, r, r+1 byte",M-PAD,SCN-HF-INT-S,HF-S-04,—,SP-800-107,"BLAKE2B-512, SHA-1, SHA-256, SHA-384, SHA-512/256, SHA3-256"
AES-128:K-02,Tidak ada karakteristik diferensial ronde penuh dengan probabilitas > 2^-k,M-DIFF,SCN-HF-INT-S,HF-S-05,—,FIPS-202,"SHA3-256, SHAKE256"
SHA3-256:K-02,Tidak ada karakteristik diferensial ronde penuh dengan probabilitas > 2^-k,M-DIFF,SCN-HF-INT-S,HF-S-05,—,FIPS-202,"SHA3-256, SHAKE256"
C-HASH,"SHA3-256/SHA-2: collision 2^(n/2), preimage 2^n",M-DIFF,SCN-HF-INT-S,HF-S-05,—,FIPS-202,"SHA3-256, SHAKE256"
AES-128:K-05,Tingkat keamanan ≥ 112 bit dan status 'acceptable' menurut SP 800-131A,M-KEYSIZE,SCN-HF-SIS-S,HF-S-06,—,"SP-800-57, SP-800-107","BLAKE2B-512, SHA-1, SHA-256, SHA-384, SHA-512/256, SHA3-256"
ChaCha20:K-04,Tingkat keamanan ≥ 112 bit dan status 'acceptable' menurut SP 800-131A,M-KEYSIZE,SCN-HF-SIS-S,HF-S-06,—,"SP-800-57, SP-800-107","BLAKE2B-512, SHA-1, SHA-256, SHA-384, SHA-512/256, SHA3-256"
C-STRENGTH,Tingkat keamanan ≥ 112 bit untuk seluruh algoritma approved (SP 800-57),M-KEYSIZE,SCN-HF-SIS-S,HF-S-06,—,"SP-800-57, SP-800-107","BLAKE2B-512, SHA-1, SHA-256, SHA-384, SHA-512/256, SHA3-256"
C-HASH,"SHA3-256/SHA-2: collision 2^(n/2), preimage 2^n",M-KEYSIZE,SCN-HF-SIS-S,HF-S-06,—,"SP-800-57, SP-800-107","BLAKE2B-512, SHA-1, SHA-256, SHA-384, SHA-512/256, SHA3-256"
AES-128:K-05,Tingkat keamanan ≥ 112 bit dan status 'acceptable' menurut SP 800-131A,M-KEYSIZE,SCN-PK-KOM-S,PK-S-01,—,"SP-800-57, ISO-18032","ECDH-P384, FFDHE3072, ML-KEM-768, RSA-OAEP-2048, RSA-OAEP-3072, RSAES-PKCS1-V1_5-1024"
ChaCha20:K-04,Tingkat keamanan ≥ 112 bit dan status 'acceptable' menurut SP 800-131A,M-KEYSIZE,SCN-PK-KOM-S,PK-S-01,—,"SP-800-57, ISO-18032","ECDH-P384, FFDHE3072, ML-KEM-768, RSA-OAEP-2048, RSA-OAEP-3072, RSAES-PKCS1-V1_5-1024"
RSA-OAEP-2048:K-03,"p, q prima kuat; |p−q| > 2^(nlen/2−100); d > 2^(nlen/2); e ∈ (2^16, 2^256)",M-PRIME,SCN-PK-KOM-S,PK-S-01,—,"SP-800-57, ISO-18032","ECDH-P384, FFDHE3072, ML-KEM-768, RSA-OAEP-2048, RSA-OAEP-3072, RSAES-PKCS1-V1_5-1024"
RSA-OAEP-2048:K-01,Modulus tidak terfaktorkan dengan sumber daya realistis,M-FACT,SCN-PK-KOM-S,PK-S-01,—,"SP-800-57, ISO-18032","ECDH-P384, FFDHE3072, ML-KEM-768, RSA-OAEP-2048, RSA-OAEP-3072, RSAES-PKCS1-V1_5-1024"
C-STRENGTH,Tingkat keamanan ≥ 112 bit untuk seluruh algoritma approved (SP 800-57),M-KEYSIZE,SCN-PK-KOM-S,PK-S-01,—,"SP-800-57, ISO-18032","ECDH-P384, FFDHE3072, ML-KEM-768, RSA-OAEP-2048, RSA-OAEP-3072, RSAES-PKCS1-V1_5-1024"
C-PKE,RSA-OAEP: IND-CCA2; galat dekripsi seragam (tanpa oracle),M-KEYSIZE,SCN-PK-KOM-S,PK-S-01,—,"SP-800-57, ISO-18032","ECDH-P384, FFDHE3072, ML-KEM-768, RSA-OAEP-2048, RSA-OAEP-3072, RSAES-PKCS1-V1_5-1024"
RSA-OAEP-2048:I-03,Semua kegagalan dekripsi menghasilkan galat & waktu yang tak terbedakan,M-ORACLE,SCN-PK-INT-S,PK-S-02,—,"SP-800-56B, ISO-17825","RSA-OAEP-2048, RSA-OAEP-3072, RSAES-PKCS1-V1_5-1024"
C-PKE,RSA-OAEP: IND-CCA2; galat dekripsi seragam (tanpa oracle),M-ORACLE,SCN-PK-INT-S,PK-S-02,—,"SP-800-56B, ISO-17825","RSA-OAEP-2048, RSA-OAEP-3072, RSAES-PKCS1-V1_5-1024"
C-PKE,RSA-OAEP: IND-CCA2; galat dekripsi seragam (tanpa oracle),M-ORACLE,SCN-PK-INT-S,PK-S-02,—,"SP-800-56B, ISO-17825","RSA-OAEP-2048, RSA-OAEP-3072, RSAES-PKCS1-V1_5-1024"
RSA-OAEP-2048:I-04,Produk menolak kunci publik/titik tidak valid,M-PKV,SCN-PK-INT-S,PK-S-03,—,"SP-800-56A, SP-800-186","ECDH-P384, X25519"
ECDSA-P256:I-04,Produk menolak kunci publik/titik tidak valid,M-PKV,SCN-PK-INT-S,PK-S-03,—,"SP-800-56A, SP-800-186","ECDH-P384, X25519"
RSA-OAEP-2048:K-05,Kunci produk tidak rentan terhadap serangan kunci lemah,M-RSAWEAK,SCN-PK-INT-S,PK-S-04,—,"ISO-18032, SP-800-90A","RSA-OAEP-2048, RSA-OAEP-3072, RSAES-PKCS1-V1_5-1024"
AES-128:K-08,RBG yang dipakai disetujui (SP 800-90A) dengan entropi memadai,M-RNG,SCN-PK-INT-S,PK-S-04,—,"ISO-18032, SP-800-90A","RSA-OAEP-2048, RSA-OAEP-3072, RSAES-PKCS1-V1_5-1024"
ChaCha20:K-07,RBG yang dipakai disetujui (SP 800-90A) dengan entropi memadai,M-RNG,SCN-PK-INT-S,PK-S-04,—,"ISO-18032, SP-800-90A","RSA-OAEP-2048, RSA-OAEP-3072, RSAES-PKCS1-V1_5-1024"
C-RNG,Kunci & nonce dari HMAC_DRBG/CTR_DRBG (SP 800-90A) dengan entropi memadai,M-RSAWEAK,SCN-PK-INT-S,PK-S-04,—,"ISO-18032, SP-800-90A","RSA-OAEP-2048, RSA-OAEP-3072, RSAES-PKCS1-V1_5-1024"
AES-128:I-02,Implementasi menghasilkan keluaran identik dengan vektor uji resmi,M-KAT,SCN-PK-INT-S,PK-S-05,—,FIPS-203,ML-KEM-768
ChaCha20:I-02,Implementasi menghasilkan keluaran identik dengan vektor uji resmi,M-KAT,SCN-PK-INT-S,PK-S-05,—,FIPS-203,ML-KEM-768
C-PKE,RSA-OAEP: IND-CCA2; galat dekripsi seragam (tanpa oracle),M-KAT,SCN-PK-INT-S,PK-S-05,—,FIPS-203,ML-KEM-768
AES-128:K-05,Tingkat keamanan ≥ 112 bit dan status 'acceptable' menurut SP 800-131A,M-KEYSIZE,SCN-PK-SIS-S,PK-S-06,—,"FIPS-203, SP-800-131A","ECDH-P384, FFDHE3072, ML-KEM-768, RSA-OAEP-2048, RSA-OAEP-3072, RSAES-PKCS1-V1_5-1024"
ChaCha20:K-04,Tingkat keamanan ≥ 112 bit dan status 'acceptable' menurut SP 800-131A,M-KEYSIZE,SCN-PK-SIS-S,PK-S-06,—,"FIPS-203, SP-800-131A","ECDH-P384, FFDHE3072, ML-KEM-768, RSA-OAEP-2048, RSA-OAEP-3072, RSAES-PKCS1-V1_5-1024"
C-STRENGTH,Tingkat keamanan ≥ 112 bit untuk seluruh algoritma approved (SP 800-57),M-KEYSIZE,SCN-PK-SIS-S,PK-S-06,—,"FIPS-203, SP-800-131A","ECDH-P384, FFDHE3072, ML-KEM-768, RSA-OAEP-2048, RSA-OAEP-3072, RSAES-PKCS1-V1_5-1024"
ChaCha20:K-02,Fungsi nonlinear memiliki NL & derajat sesuai desain,M-BOOL,SCN-SC-KOM-S,SC-S-01,—,ISO-18033-4,"CHACHA20-256, CHACHA20-POLY1305"
AES-128:K-03,Lapisan difusi mencapai difusi penuh dengan margin ronde memadai,M-DIFFUSION,SCN-SC-KOM-S,SC-S-01,—,ISO-18033-4,"CHACHA20-256, CHACHA20-POLY1305"
ChaCha20:K-03,Lapisan difusi mencapai difusi penuh dengan margin ronde memadai,M-DIFFUSION,SCN-SC-KOM-S,SC-S-01,—,ISO-18033-4,"CHACHA20-256, CHACHA20-POLY1305"
AES-128:K-10,Keluaran (keystream/CTR/digest berantai) tak terbedakan dari acak,M-SP80022,SCN-SC-INT-S,SC-S-02,—,SP-800-22,"CHACHA20-256, CHACHA20-POLY1305"
ChaCha20:K-08,Keluaran (keystream/CTR/digest berantai) tak terbedakan dari acak,M-SP80022,SCN-SC-INT-S,SC-S-02,—,SP-800-22,"CHACHA20-256, CHACHA20-POLY1305"
ChaCha20:K-05,Kompleksitas linear keystream mendekati N/2,M-LC,SCN-SC-INT-S,SC-S-02,—,SP-800-22,"CHACHA20-256, CHACHA20-POLY1305"
AES-128:K-01,Perubahan 1 bit masukan/kunci mengubah ≈ 50% bit keluaran,M-AVAL,SCN-SC-INT-S,SC-S-03,—,ISO-18033-4,"CHACHA20-256, CHACHA20-POLY1305"
ChaCha20:K-01,Perubahan 1 bit masukan/kunci mengubah ≈ 50% bit keluaran,M-AVAL,SCN-SC-INT-S,SC-S-03,—,ISO-18033-4,"CHACHA20-256, CHACHA20-POLY1305"
C-STRENGTH,Tingkat keamanan ≥ 112 bit untuk seluruh algoritma approved (SP 800-57),M-AVAL,SCN-SC-INT-S,SC-S-03,—,ISO-18033-4,"CHACHA20-256, CHACHA20-POLY1305"
AES-128:K-07,Nonce tidak pernah berulang dan tidak bias,M-NONCE,SCN-SC-INT-S,SC-S-04,—,RFC-8439,"CHACHA20-256, CHACHA20-POLY1305"
ChaCha20:K-06,Nonce tidak pernah berulang dan tidak bias,M-NONCE,SCN-SC-INT-S,SC-S-04,—,RFC-8439,"CHACHA20-256, CHACHA20-POLY1305"
C-AEAD,"AEAD (AES-GCM, ChaCha20-Poly1305): kerahasiaan IND-CPA + integritas INT-CTXT bila nonce unik",M-NONCE,SCN-SC-INT-S,SC-S-04,—,RFC-8439,"CHACHA20-256, CHACHA20-POLY1305"
C-AEAD,"AEAD (AES-GCM, ChaCha20-Poly1305): kerahasiaan IND-CPA + integritas INT-CTXT bila nonce unik",M-NONCE,SCN-SC-INT-S,SC-S-04,—,RFC-8439,"CHACHA20-256, CHACHA20-POLY1305"
AES-128:K-07,Nonce tidak pernah berulang dan tidak bias,M-NONCE,SCN-SC-SIS-S,SC-S-05,—,RFC-8439,"CHACHA20-256, CHACHA20-POLY1305"
ChaCha20:K-06,Nonce tidak pernah berulang dan tidak bias,M-NONCE,SCN-SC-SIS-S,SC-S-05,—,RFC-8439,"CHACHA20-256, CHACHA20-POLY1305"
C-AEAD,"AEAD (AES-GCM, ChaCha20-Poly1305): kerahasiaan IND-CPA + integritas INT-CTXT bila nonce unik",M-NONCE,SCN-SC-SIS-S,SC-S-05,—,RFC-8439,"CHACHA20-256, CHACHA20-POLY1305"
AES-128:K-05,Tingkat keamanan ≥ 112 bit dan status 'acceptable' menurut SP 800-131A,M-KEYSIZE,SCN-SC-SIS-S,SC-S-06,—,SP-800-57,"CHACHA20-256, CHACHA20-POLY1305"
ChaCha20:K-04,Tingkat keamanan ≥ 112 bit dan status 'acceptable' menurut SP 800-131A,M-KEYSIZE,SCN-SC-SIS-S,SC-S-06,—,SP-800-57,"CHACHA20-256, CHACHA20-POLY1305"
C-STRENGTH,Tingkat keamanan ≥ 112 bit untuk seluruh algoritma approved (SP 800-57),M-KEYSIZE,SCN-SC-SIS-S,SC-S-06,—,SP-800-57,"CHACHA20-256, CHACHA20-POLY1305"
AES-128:I-05,Waktu eksekusi tidak bergantung pada data rahasia,M-TIMING,SCN-BC-KOM-I,BC-I-01,—,"ISO-17825, ISO-19790","AES-128-CTR, AES-256-GCM, AES-256-KW, XTS-AES-256, PRESENT-80, TDEA-3KEY"
ChaCha20:I-04,Waktu eksekusi tidak bergantung pada data rahasia,M-TIMING,SCN-BC-KOM-I,BC-I-01,—,"ISO-17825, ISO-19790","AES-128-CTR, AES-256-GCM, AES-256-KW, XTS-AES-256, PRESENT-80, TDEA-3KEY"
AES-128:I-06,Kunci/CSP dihapus dari memori setelah dipakai,M-ZEROIZE,SCN-BC-KOM-I,BC-I-01,—,"ISO-17825, ISO-19790","AES-128-CTR, AES-256-GCM, AES-256-KW, XTS-AES-256, PRESENT-80, TDEA-3KEY"
ChaCha20:I-05,Kunci/CSP dihapus dari memori setelah dipakai,M-ZEROIZE,SCN-BC-KOM-I,BC-I-01,—,"ISO-17825, ISO-19790","AES-128-CTR, AES-256-GCM, AES-256-KW, XTS-AES-256, PRESENT-80, TDEA-3KEY"
C-CT,Operasi dengan data rahasia berjalan constant-time pada x86-64,M-TIMING,SCN-BC-KOM-I,BC-I-01,—,"ISO-17825, ISO-19790","AES-128-CTR, AES-256-GCM, AES-256-KW, XTS-AES-256, PRESENT-80, TDEA-3KEY"
AES-128:I-05,Waktu eksekusi tidak bergantung pada data rahasia,M-TIMING,SCN-BC-INT-I,BC-I-02,—,ISO-17825,"AES-128-CTR, AES-256-GCM, AES-256-KW, XTS-AES-256, PRESENT-80, TDEA-3KEY"
ChaCha20:I-04,Waktu eksekusi tidak bergantung pada data rahasia,M-TIMING,SCN-BC-INT-I,BC-I-02,—,ISO-17825,"AES-128-CTR, AES-256-GCM, AES-256-KW, XTS-AES-256, PRESENT-80, TDEA-3KEY"
C-AEAD,"AEAD (AES-GCM, ChaCha20-Poly1305): kerahasiaan IND-CPA + integritas INT-CTXT bila nonce unik",M-TIMING,SCN-BC-INT-I,BC-I-02,—,ISO-17825,"AES-128-CTR, AES-256-GCM, AES-256-KW, XTS-AES-256, PRESENT-80, TDEA-3KEY"
C-CT,Operasi dengan data rahasia berjalan constant-time pada x86-64,M-TIMING,SCN-BC-INT-I,BC-I-02,—,ISO-17825,"AES-128-CTR, AES-256-GCM, AES-256-KW, XTS-AES-256, PRESENT-80, TDEA-3KEY"
AES-128:I-01,API menolak masukan tidak valid tanpa crash/kebocoran,M-FUZZ,SCN-BC-INT-I,BC-I-03,—,"ISO-29119, ISO-18045","AES-128-CTR, AES-256-GCM, AES-256-KW, XTS-AES-256, PRESENT-80, TDEA-3KEY"
ChaCha20:I-01,API menolak masukan tidak valid tanpa crash/kebocoran,M-FUZZ,SCN-BC-INT-I,BC-I-03,—,"ISO-29119, ISO-18045","AES-128-CTR, AES-256-GCM, AES-256-KW, XTS-AES-256, PRESENT-80, TDEA-3KEY"
AES-128:I-04,Power-on self-test (KAT) & conditional test (pairwise) berjalan; error state memblokir layanan,M-SELFTEST,SCN-BC-SIS-I,BC-I-05,—,ISO-29119,"AES-128-CTR, AES-256-GCM, AES-256-KW, XTS-AES-256, PRESENT-80, TDEA-3KEY"
ChaCha20:I-03,Power-on self-test (KAT) & conditional test (pairwise) berjalan; error state memblokir layanan,M-SELFTEST,SCN-BC-SIS-I,BC-I-05,—,ISO-29119,"AES-128-CTR, AES-256-GCM, AES-256-KW, XTS-AES-256, PRESENT-80, TDEA-3KEY"
AES-128:I-04,Power-on self-test (KAT) & conditional test (pairwise) berjalan; error state memblokir layanan,M-SELFTEST,SCN-BC-SIS-I,BC-I-06,—,ISO-19790,"AES-128-CTR, AES-256-GCM, AES-256-KW, XTS-AES-256, PRESENT-80, TDEA-3KEY"
ChaCha20:I-03,Power-on self-test (KAT) & conditional test (pairwise) berjalan; error state memblokir layanan,M-SELFTEST,SCN-BC-SIS-I,BC-I-06,—,ISO-19790,"AES-128-CTR, AES-256-GCM, AES-256-KW, XTS-AES-256, PRESENT-80, TDEA-3KEY"
AES-128:I-06,Kunci/CSP dihapus dari memori setelah dipakai,M-ZEROIZE,SCN-BC-SIS-I,BC-I-06,—,ISO-19790,"AES-128-CTR, AES-256-GCM, AES-256-KW, XTS-AES-256, PRESENT-80, TDEA-3KEY"
ChaCha20:I-05,Kunci/CSP dihapus dari memori setelah dipakai,M-ZEROIZE,SCN-BC-SIS-I,BC-I-06,—,ISO-19790,"AES-128-CTR, AES-256-GCM, AES-256-KW, XTS-AES-256, PRESENT-80, TDEA-3KEY"
AES-128:I-05,Waktu eksekusi tidak bergantung pada data rahasia,M-TIMING,SCN-DS-KOM-I,DS-I-01,—,ISO-17825,"ECDSA-P256, ECDSA-P384, ED25519, ML-DSA-65, RSA-PSS-3072, SLH-DSA-SHA2-128S"
ChaCha20:I-04,Waktu eksekusi tidak bergantung pada data rahasia,M-TIMING,SCN-DS-KOM-I,DS-I-01,—,ISO-17825,"ECDSA-P256, ECDSA-P384, ED25519, ML-DSA-65, RSA-PSS-3072, SLH-DSA-SHA2-128S"
C-CT,Operasi dengan data rahasia berjalan constant-time pada x86-64,M-TIMING,SCN-DS-KOM-I,DS-I-01,—,ISO-17825,"ECDSA-P256, ECDSA-P384, ED25519, ML-DSA-65, RSA-PSS-3072, SLH-DSA-SHA2-128S"
AES-128:I-01,API menolak masukan tidak valid tanpa crash/kebocoran,M-FUZZ,SCN-DS-INT-I,DS-I-04,—,ISO-29119,"ECDSA-P256, ECDSA-P384, ED25519, ML-DSA-65, RSA-PSS-3072, SLH-DSA-SHA2-128S"
ChaCha20:I-01,API menolak masukan tidak valid tanpa crash/kebocoran,M-FUZZ,SCN-DS-INT-I,DS-I-04,—,ISO-29119,"ECDSA-P256, ECDSA-P384, ED25519, ML-DSA-65, RSA-PSS-3072, SLH-DSA-SHA2-128S"
AES-128:I-01,API menolak masukan tidak valid tanpa crash/kebocoran,M-FUZZ,SCN-HF-KOM-I,HF-I-01,—,FIPS-180-4,"BLAKE2B-512, SHA-1, SHA-256, SHA-384, SHA-512/256, SHA3-256"
ChaCha20:I-01,API menolak masukan tidak valid tanpa crash/kebocoran,M-FUZZ,SCN-HF-KOM-I,HF-I-01,—,FIPS-180-4,"BLAKE2B-512, SHA-1, SHA-256, SHA-384, SHA-512/256, SHA3-256"
AES-128:I-05,Waktu eksekusi tidak bergantung pada data rahasia,M-TIMING,SCN-HF-INT-I,HF-I-02,—,ISO-17825,"BLAKE2B-512, SHA-1, SHA-256, SHA-384, SHA-512/256, SHA3-256"
ChaCha20:I-04,Waktu eksekusi tidak bergantung pada data rahasia,M-TIMING,SCN-HF-INT-I,HF-I-02,—,ISO-17825,"BLAKE2B-512, SHA-1, SHA-256, SHA-384, SHA-512/256, SHA3-256"
C-CT,Operasi dengan data rahasia berjalan constant-time pada x86-64,M-TIMING,SCN-HF-INT-I,HF-I-02,—,ISO-17825,"BLAKE2B-512, SHA-1, SHA-256, SHA-384, SHA-512/256, SHA3-256"
AES-128:I-01,API menolak masukan tidak valid tanpa crash/kebocoran,M-FUZZ,SCN-HF-INT-I,HF-I-03,—,ISO-29119,"BLAKE2B-512, SHA-1, SHA-256, SHA-384, SHA-512/256, SHA3-256"
ChaCha20:I-01,API menolak masukan tidak valid tanpa crash/kebocoran,M-FUZZ,SCN-HF-INT-I,HF-I-03,—,ISO-29119,"BLAKE2B-512, SHA-1, SHA-256, SHA-384, SHA-512/256, SHA3-256"
AES-128:I-04,Power-on self-test (KAT) & conditional test (pairwise) berjalan; error state memblokir layanan,M-SELFTEST,SCN-HF-SIS-I,HF-I-04,—,ISO-29119,"BLAKE2B-512, SHA-1, SHA-256, SHA-384, SHA-512/256, SHA3-256"
ChaCha20:I-03,Power-on self-test (KAT) & conditional test (pairwise) berjalan; error state memblokir layanan,M-SELFTEST,SCN-HF-SIS-I,HF-I-04,—,ISO-29119,"BLAKE2B-512, SHA-1, SHA-256, SHA-384, SHA-512/256, SHA3-256"
AES-128:I-02,Implementasi menghasilkan keluaran identik dengan vektor uji resmi,M-KAT,SCN-HF-SIS-I,HF-I-05,—,ISO-29119,"BLAKE2B-512, SHA-1, SHA-256, SHA-384, SHA-512/256, SHA3-256"
ChaCha20:I-02,Implementasi menghasilkan keluaran identik dengan vektor uji resmi,M-KAT,SCN-HF-SIS-I,HF-I-05,—,ISO-29119,"BLAKE2B-512, SHA-1, SHA-256, SHA-384, SHA-512/256, SHA3-256"
AES-128:I-06,Kunci/CSP dihapus dari memori setelah dipakai,M-ZEROIZE,SCN-HF-SIS-I,HF-I-06,—,ISO-19790,"HMAC-SHA-256-K128, HMAC-SHA-256-K256"
ChaCha20:I-05,Kunci/CSP dihapus dari memori setelah dipakai,M-ZEROIZE,SCN-HF-SIS-I,HF-I-06,—,ISO-19790,"HMAC-SHA-256-K128, HMAC-SHA-256-K256"
AES-128:I-05,Waktu eksekusi tidak bergantung pada data rahasia,M-TIMING,SCN-PK-KOM-I,PK-I-01,—,ISO-17825,"ECDH-P384, FFDHE3072, ML-KEM-768, RSA-OAEP-2048, RSA-OAEP-3072, RSAES-PKCS1-V1_5-1024"
ChaCha20:I-04,Waktu eksekusi tidak bergantung pada data rahasia,M-TIMING,SCN-PK-KOM-I,PK-I-01,—,ISO-17825,"ECDH-P384, FFDHE3072, ML-KEM-768, RSA-OAEP-2048, RSA-OAEP-3072, RSAES-PKCS1-V1_5-1024"
C-CT,Operasi dengan data rahasia berjalan constant-time pada x86-64,M-TIMING,SCN-PK-KOM-I,PK-I-01,—,ISO-17825,"ECDH-P384, FFDHE3072, ML-KEM-768, RSA-OAEP-2048, RSA-OAEP-3072, RSAES-PKCS1-V1_5-1024"
AES-128:I-01,API menolak masukan tidak valid tanpa crash/kebocoran,M-FUZZ,SCN-PK-INT-I,PK-I-02,—,ISO-29119,"ECDH-P384, FFDHE3072, ML-KEM-768, RSA-OAEP-2048, RSA-OAEP-3072, RSAES-PKCS1-V1_5-1024"
ChaCha20:I-01,API menolak masukan tidak valid tanpa crash/kebocoran,M-FUZZ,SCN-PK-INT-I,PK-I-02,—,ISO-29119,"ECDH-P384, FFDHE3072, ML-KEM-768, RSA-OAEP-2048, RSA-OAEP-3072, RSAES-PKCS1-V1_5-1024"
RSA-OAEP-2048:I-03,Semua kegagalan dekripsi menghasilkan galat & waktu yang tak terbedakan,M-ORACLE,SCN-PK-INT-I,PK-I-03,—,ISO-17825,"ECDH-P384, FFDHE3072, ML-KEM-768, RSA-OAEP-2048, RSA-OAEP-3072, RSAES-PKCS1-V1_5-1024"
AES-128:I-05,Waktu eksekusi tidak bergantung pada data rahasia,M-TIMING,SCN-PK-INT-I,PK-I-03,—,ISO-17825,"ECDH-P384, FFDHE3072, ML-KEM-768, RSA-OAEP-2048, RSA-OAEP-3072, RSAES-PKCS1-V1_5-1024"
ChaCha20:I-04,Waktu eksekusi tidak bergantung pada data rahasia,M-TIMING,SCN-PK-INT-I,PK-I-03,—,ISO-17825,"ECDH-P384, FFDHE3072, ML-KEM-768, RSA-OAEP-2048, RSA-OAEP-3072, RSAES-PKCS1-V1_5-1024"
C-PKE,RSA-OAEP: IND-CCA2; galat dekripsi seragam (tanpa oracle),M-ORACLE,SCN-PK-INT-I,PK-I-03,—,ISO-17825,"ECDH-P384, FFDHE3072, ML-KEM-768, RSA-OAEP-2048, RSA-OAEP-3072, RSAES-PKCS1-V1_5-1024"
AES-128:I-06,Kunci/CSP dihapus dari memori setelah dipakai,M-ZEROIZE,SCN-PK-SIS-I,PK-I-04,—,ISO-19790,"ECDH-P384, FFDHE3072, ML-KEM-768, RSA-OAEP-2048, RSA-OAEP-3072, RSAES-PKCS1-V1_5-1024"
ChaCha20:I-05,Kunci/CSP dihapus dari memori setelah dipakai,M-ZEROIZE,SCN-PK-SIS-I,PK-I-04,—,ISO-19790,"ECDH-P384, FFDHE3072, ML-KEM-768, RSA-OAEP-2048, RSA-OAEP-3072, RSAES-PKCS1-V1_5-1024"
AES-128:I-04,Power-on self-test (KAT) & conditional test (pairwise) berjalan; error state memblokir layanan,M-SELFTEST,SCN-PK-SIS-I,PK-I-05,—,ISO-29119,"ECDH-P384, FFDHE3072, ML-KEM-768, RSA-OAEP-2048, RSA-OAEP-3072, RSAES-PKCS1-V1_5-1024"
ChaCha20:I-03,Power-on self-test (KAT) & conditional test (pairwise) berjalan; error state memblokir layanan,M-SELFTEST,SCN-PK-SIS-I,PK-I-05,—,ISO-29119,"ECDH-P384, FFDHE3072, ML-KEM-768, RSA-OAEP-2048, RSA-OAEP-3072, RSAES-PKCS1-V1_5-1024"
AES-128:I-05,Waktu eksekusi tidak bergantung pada data rahasia,M-TIMING,SCN-SC-KOM-I,SC-I-01,—,ISO-17825,"CHACHA20-256, CHACHA20-POLY1305"
ChaCha20:I-04,Waktu eksekusi tidak bergantung pada data rahasia,M-TIMING,SCN-SC-KOM-I,SC-I-01,—,ISO-17825,"CHACHA20-256, CHACHA20-POLY1305"
C-CT,Operasi dengan data rahasia berjalan constant-time pada x86-64,M-TIMING,SCN-SC-KOM-I,SC-I-01,—,ISO-17825,"CHACHA20-256, CHACHA20-POLY1305"
AES-128:I-05,Waktu eksekusi tidak bergantung pada data rahasia,M-TIMING,SCN-SC-INT-I,SC-I-02,—,ISO-17825,CHACHA20-POLY1305
ChaCha20:I-04,Waktu eksekusi tidak bergantung pada data rahasia,M-TIMING,SCN-SC-INT-I,SC-I-02,—,ISO-17825,CHACHA20-POLY1305
C-CT,Operasi dengan data rahasia berjalan constant-time pada x86-64,M-TIMING,SCN-SC-INT-I,SC-I-02,—,ISO-17825,CHACHA20-POLY1305
C-AEAD,"AEAD (AES-GCM, ChaCha20-Poly1305): kerahasiaan IND-CPA + integritas INT-CTXT bila nonce unik",M-TIMING,SCN-SC-INT-I,SC-I-02,—,ISO-17825,CHACHA20-POLY1305
AES-128:I-01,API menolak masukan tidak valid tanpa crash/kebocoran,M-FUZZ,SCN-SC-INT-I,SC-I-03,—,ISO-29119,"CHACHA20-256, CHACHA20-POLY1305"
ChaCha20:I-01,API menolak masukan tidak valid tanpa crash/kebocoran,M-FUZZ,SCN-SC-INT-I,SC-I-03,—,ISO-29119,"CHACHA20-256, CHACHA20-POLY1305"
AES-128:I-06,Kunci/CSP dihapus dari memori setelah dipakai,M-ZEROIZE,SCN-SC-SIS-I,SC-I-04,—,ISO-19790,"CHACHA20-256, CHACHA20-POLY1305"
ChaCha20:I-05,Kunci/CSP dihapus dari memori setelah dipakai,M-ZEROIZE,SCN-SC-SIS-I,SC-I-04,—,ISO-19790,"CHACHA20-256, CHACHA20-POLY1305"
AES-128:I-04,Power-on self-test (KAT) & conditional test (pairwise) berjalan; error state memblokir layanan,M-SELFTEST,SCN-SC-SIS-I,SC-I-05,—,ISO-29119,"CHACHA20-256, CHACHA20-POLY1305"
ChaCha20:I-03,Power-on self-test (KAT) & conditional test (pairwise) berjalan; error state memblokir layanan,M-SELFTEST,SCN-SC-SIS-I,SC-I-05,—,ISO-29119,"CHACHA20-256, CHACHA20-POLY1305"
AES-128:I-02,Implementasi menghasilkan keluaran identik dengan vektor uji resmi,M-KAT,SCN-XA-INT-K,XA-K-01,—,ISO-18367,"AES-128-CTR, AES-256-GCM, AES-256-KW, XTS-AES-256, PRESENT-80, TDEA-3KEY"
ChaCha20:I-02,Implementasi menghasilkan keluaran identik dengan vektor uji resmi,M-KAT,SCN-XA-INT-K,XA-K-01,—,ISO-18367,"AES-128-CTR, AES-256-GCM, AES-256-KW, XTS-AES-256, PRESENT-80, TDEA-3KEY"
AES-128:K-08,RBG yang dipakai disetujui (SP 800-90A) dengan entropi memadai,M-RNG,SCN-XA-INT-S,XA-S-01,—,"SP-800-90A, SP-800-90B, SP-800-22","AES-128-CTR, AES-256-GCM, AES-256-KW, XTS-AES-256, PRESENT-80, TDEA-3KEY"
ChaCha20:K-07,RBG yang dipakai disetujui (SP 800-90A) dengan entropi memadai,M-RNG,SCN-XA-INT-S,XA-S-01,—,"SP-800-90A, SP-800-90B, SP-800-22","AES-128-CTR, AES-256-GCM, AES-256-KW, XTS-AES-256, PRESENT-80, TDEA-3KEY"
C-RNG,Kunci & nonce dari HMAC_DRBG/CTR_DRBG (SP 800-90A) dengan entropi memadai,M-RNG,SCN-XA-INT-S,XA-S-01,—,"SP-800-90A, SP-800-90B, SP-800-22","AES-128-CTR, AES-256-GCM, AES-256-KW, XTS-AES-256, PRESENT-80, TDEA-3KEY"
AES-128:I-06,Kunci/CSP dihapus dari memori setelah dipakai,M-ZEROIZE,SCN-XA-SIS-S,XA-S-02,—,"SP-800-57, ISO-19790","AES-128-CTR, AES-256-GCM, AES-256-KW, XTS-AES-256, PRESENT-80, TDEA-3KEY"
ChaCha20:I-05,Kunci/CSP dihapus dari memori setelah dipakai,M-ZEROIZE,SCN-XA-SIS-S,XA-S-02,—,"SP-800-57, ISO-19790","AES-128-CTR, AES-256-GCM, AES-256-KW, XTS-AES-256, PRESENT-80, TDEA-3KEY"
AES-128:K-05,Tingkat keamanan ≥ 112 bit dan status 'acceptable' menurut SP 800-131A,M-KEYSIZE,SCN-XA-SIS-S,XA-S-02,—,"SP-800-57, ISO-19790","AES-128-CTR, AES-256-GCM, AES-256-KW, XTS-AES-256, PRESENT-80, TDEA-3KEY"
ChaCha20:K-04,Tingkat keamanan ≥ 112 bit dan status 'acceptable' menurut SP 800-131A,M-KEYSIZE,SCN-XA-SIS-S,XA-S-02,—,"SP-800-57, ISO-19790","AES-128-CTR, AES-256-GCM, AES-256-KW, XTS-AES-256, PRESENT-80, TDEA-3KEY"
C-STRENGTH,Tingkat keamanan ≥ 112 bit untuk seluruh algoritma approved (SP 800-57),M-ZEROIZE,SCN-XA-SIS-S,XA-S-02,—,"SP-800-57, ISO-19790","AES-128-CTR, AES-256-GCM, AES-256-KW, XTS-AES-256, PRESENT-80, TDEA-3KEY"
AES-128:K-05,Tingkat keamanan ≥ 112 bit dan status 'acceptable' menurut SP 800-131A,M-KEYSIZE,SCN-XA-SIS-S,XA-S-03,—,"FIPS-203, FIPS-204, SP-800-131A","AES-128-CTR, AES-256-GCM, AES-256-KW, XTS-AES-256, PRESENT-80, TDEA-3KEY"
ChaCha20:K-04,Tingkat keamanan ≥ 112 bit dan status 'acceptable' menurut SP 800-131A,M-KEYSIZE,SCN-XA-SIS-S,XA-S-03,—,"FIPS-203, FIPS-204, SP-800-131A","AES-128-CTR, AES-256-GCM, AES-256-KW, XTS-AES-256, PRESENT-80, TDEA-3KEY"
C-STRENGTH,Tingkat keamanan ≥ 112 bit untuk seluruh algoritma approved (SP 800-57),M-KEYSIZE,SCN-XA-SIS-S,XA-S-03,—,"FIPS-203, FIPS-204, SP-800-131A","AES-128-CTR, AES-256-GCM, AES-256-KW, XTS-AES-256, PRESENT-80, TDEA-3KEY"
AES-128:I-05,Waktu eksekusi tidak bergantung pada data rahasia,M-TIMING,SCN-XA-SIS-S,XA-S-04,—,"ISO-17825, ISO-20085","AES-128-CTR, AES-256-GCM, AES-256-KW, XTS-AES-256, PRESENT-80, TDEA-3KEY"
ChaCha20:I-04,Waktu eksekusi tidak bergantung pada data rahasia,M-TIMING,SCN-XA-SIS-S,XA-S-04,—,"ISO-17825, ISO-20085","AES-128-CTR, AES-256-GCM, AES-256-KW, XTS-AES-256, PRESENT-80, TDEA-3KEY"
C-CT,Operasi dengan data rahasia berjalan constant-time pada x86-64,M-TIMING,SCN-XA-SIS-S,XA-S-04,—,"ISO-17825, ISO-20085","AES-128-CTR, AES-256-GCM, AES-256-KW, XTS-AES-256, PRESENT-80, TDEA-3KEY"
AES-128:I-04,Power-on self-test (KAT) & conditional test (pairwise) berjalan; error state memblokir layanan,M-SELFTEST,SCN-XA-SIS-I,XA-I-01,—,ISO-19790,"AES-128-CTR, AES-256-GCM, AES-256-KW, XTS-AES-256, PRESENT-80, TDEA-3KEY"
ChaCha20:I-03,Power-on self-test (KAT) & conditional test (pairwise) berjalan; error state memblokir layanan,M-SELFTEST,SCN-XA-SIS-I,XA-I-01,—,ISO-19790,"AES-128-CTR, AES-256-GCM, AES-256-KW, XTS-AES-256, PRESENT-80, TDEA-3KEY"
