id,type,requirement,object,method_id,method,variant,reference,pass_criteria
K-01,Kebutuhan keamanan,Perubahan 1 bit masukan/kunci mengubah ≈ 50% bit keluaran,C-CHI Pemetaan χ (S-box 5-bit),M-AVAL,Uji avalanche & Strict Avalanche Criterion (fungsi penuh),penuh,ISO 18367,"rerata 0,5 ± 0,01; tiap bit 0,5 ± 0,05"
K-02,Kebutuhan keamanan,Tidak ada karakteristik diferensial ronde penuh dengan probabilitas > 2^-k,C-CHI Pemetaan χ (S-box 5-bit),M-DIFF,Kriptanalisis diferensial (pencarian trail / batas S-box aktif),tereduksi,"ISO 18033-3, ISO 15408",batas bawah S-box aktif × DP_max ≤ 2^-128 (≥ 4 ronde)
K-03,Kebutuhan keamanan,Lapisan difusi mencapai difusi penuh dengan margin ronde memadai,"C-DIFF Lapisan linear θ, ρ, π",M-DIFFUSION,"Analisis difusi (branch number/MDS, ronde menuju difusi penuh, avalanche per ronde)",penuh,"ISO 18033-3, ISO 18033-4, FIPS 202","branch number optimal; avalanche ≈ 0,5 sebelum ≤ 1/2 jumlah ronde"
K-04,Kebutuhan keamanan,Tingkat keamanan ≥ 112 bit dan status 'acceptable' menurut SP 800-131A,C-SPONGE Konstruksi sponge (rate/capacity),M-KEYSIZE,Evaluasi ukuran kunci & tingkat keamanan (SP 800-57 / 131A),penuh,"SP 800-57, SP 800-131A",security_bits ≥ 112
K-05,Kebutuhan keamanan,Komponen nonlinear memenuhi batas acuan NL/DU/derajat,C-CHI Pemetaan χ (S-box 5-bit),M-SBOX,"Analisis sifat S-box / fungsi nonlinear (NL, DDT, LAT, derajat, SAC)",penuh,"ISO 18033-3, FIPS 197, FIPS 202","NL, DU, derajat = nilai acuan desain"
K-06,Kebutuhan keamanan,Keluaran (keystream/CTR/digest berantai) tak terbedakan dari acak,"C-DIFF Lapisan linear θ, ρ, π",M-SP80022,Uji keacakan statistik NIST SP 800-22 (15 uji),penuh,SP 800-22,"proporsi lulus ≥ ambang SP 800-22 & P-value_T ≥ 0,0001 tiap uji"
I-01,Kebutuhan implementasi,API menolak masukan tidak valid tanpa crash/kebocoran,C-API Antarmuka API & validasi masukan,M-FUZZ,"Uji negatif & fuzzing API (masukan malformed, panjang ekstrem)",penuh,"ISO 29119, ISO 18045",0 crash; 100% masukan invalid ditolak dengan galat terdefinisi
I-02,Kebutuhan implementasi,Implementasi menghasilkan keluaran identik dengan vektor uji resmi,C-CONF Kesesuaian implementasi keseluruhan; C-SELFTEST Self-test & error state modul,M-KAT,Known Answer Test (KAT) terhadap vektor resmi,penuh,"ISO 18367, ISO 24759",100% vektor cocok
I-03,Kebutuhan implementasi,Implementasi konsisten pada iterasi berantai & pesan multi-blok,C-CONF Kesesuaian implementasi keseluruhan; C-SELFTEST Self-test & error state modul,M-MCT,Monte Carlo Test (MCT) & Multi-block Message Test (MMT) gaya CAVP,penuh,"ISO 18367, ISO 24759",100% checkpoint cocok dengan implementasi referensi
I-04,Kebutuhan implementasi,"Padding benar untuk panjang r−2, r−1, r, r+1 byte",C-PAD Padding pad10*1 + domain separation,M-PAD,Uji kesesuaian padding (pad10*1 / MD-strengthening) pada batas blok,penuh,"FIPS 202, ISO 10118-3",digest = referensi untuk semua panjang batas
I-05,Kebutuhan implementasi,Power-on self-test (KAT) & conditional test (pairwise) berjalan; error state memblokir layanan,C-CONF Kesesuaian implementasi keseluruhan; C-SELFTEST Self-test & error state modul,M-SELFTEST,Uji self-test & error state modul (ISO/IEC 19790 / 24759),penuh,"ISO 19790, ISO 24759",semua self-test terpicu & error state tervalidasi
I-06,Kebutuhan implementasi,Waktu eksekusi tidak bergantung pada data rahasia,"C-PLAT Platform eksekusi (CPU x86-64 bercache, speculative execution)",M-TIMING,"Analisis timing leakage (dudect / Welch t-test, fixed-vs-random)",penuh,"ISO 17825, ISO 20085","|t| < 4,5 pada ≥ 10^6 pengukuran"
I-07,Kebutuhan implementasi,Kunci/CSP dihapus dari memori setelah dipakai,C-MEM Pengelolaan material kunci di memori,M-ZEROIZE,Uji zeroization material kunci (memory dump pasca-operasi),penuh,"ISO 19790, ISO 24759",0 salinan kunci pada dump memori
